Part Type,Manufacturer,Part Name,HEM,In Shop,Price,Sell Price,Level,Level %,Steam Version,Platform Lock,Is DLC,Lighting,Size,Mini-ITX,Micro-ATX,S-ATX,E-ATX,XL-ATX,SSI-EEB,PSU ATX,PSU SFX,Max 120mm Radiators,Max 140mm Radiators,Max PSU length,Max GPU length,Max CPU Fan Height,Exclude From Random Jobs,Use For WC Jobs,DLC Epic Id,Is Open Bench,Case Fan Type 1 Count,Case Fan Type 1 Model,Case Fan Type 1 Decorator,Case Fan Type 2 Count,Case Fan Type 2 Model,Case Fan Type 2 Decorator,Case Fan Type 3 Count,Case Fan Type 3 Model,Case Fan Type 3 Decorator,Restricted GPU length,Inherent Cooling,Price of Case Fans,Price of Case Without Case Fans,DLC2 Random Jobs,Asset Path,Full Part Name
Case,ADATA,XPG Battlecruiser (Black),,Y,180,60,28,1,1.8,PC,,,Mid Tower,Y,Y,Y,Y,,,Y,,3,2,225.0,400,170,Y,Y,,,4,Mortoni Heat Away RGB 120,,,,,,,,,0.0,40,140,Exclude,v1_8_0/Prefabs/Cases/ADATA/CAS_ADATA_XPG_Battlecruiser_Black,ADATA XPG Battlecruiser (Black),ADATA XPG Battlecruiser (Black)
Case,ADATA,XPG Battlecruiser (White),,Y,180,60,28,1,1.8,PC,,,Mid Tower,Y,Y,Y,Y,,,Y,,3,2,225.0,400,170,Y,Y,,,4,Mortoni Heat Away RGB 120,,,,,,,,,0.0,40,140,Exclude,v1_8_0/Prefabs/Cases/ADATA/CAS_ADATA_XPG_Battlecruiser_White,ADATA XPG Battlecruiser (White),ADATA XPG Battlecruiser (White)
Case,ADATA,XPG Defender Pro (Black),,Y,140,47,31,20,1.13,PC,,,Mid Tower,Y,Y,Y,Y,,Y,Y,,3,2,220.0,380,170,Y,Y,,,3,ADATA XPG VENTO 120,,,,,,,,,0.0,90,50,Exclude,v1_13_0/Prefabs/Cases/XPG/CAS_XPG_DEFENDER_PRO,ADATA XPG Defender Pro (Black),ADATA XPG Defender Pro (Black)
Case,ADATA,XPG Defender Pro (White),,Y,140,47,31,20,1.13,PC,,,Mid Tower,Y,Y,Y,Y,,Y,Y,,3,2,220.0,380,170,Y,Y,,,3,ADATA XPG VENTO 120,,,,,,,,,0.0,90,50,Exclude,v1_13_0/Prefabs/Cases/XPG/XPG_DEFENDER_PRO_WHITE_MS,ADATA XPG Defender Pro (White),ADATA XPG Defender Pro (White)
Case,Antec,Dark Avenger DA601,,Y,85,28,6,50,1.2,,,RGB,Mid Tower,,Y,Y,Y,,,Y,,3,2,200.0,400,160,,Y,,,1,Mortoni Heat Away 120,,1.0,Antec Prizm 120 ARGB,,,,,,0.0,27,58,Exclude,Prefabs/Cases/Antec/CAS_Antec_Dark_Avenger_DA601,Antec Dark Avenger DA601,Antec Dark Avenger DA601
Case,Antec,DF500,,Y,60,20,1,1,1.0,,,,Mid Tower,Y,Y,Y,,,,Y,,3,0,200.0,380,155,,Y,,,1,Mortoni Heat Away 120,,,,,,,,,0.0,7,53,,Prefabs/Cases/Antec/Antec_DF500,Antec DF500,Antec DF500
Case,Antec,P110 Luce,,Y,105,35,14,48,1.0,,,,Mid Tower,Y,Y,Y,,,,Y,,3,2,200.0,390,165,,Y,,,2,Mortoni Heat Away 120,,,,,,,,,0.0,14,91,,Prefabs/Cases/Antec/Antec_P110_LUCE,Antec P110 Luce,Antec P110 Luce
Case,Antec,P120 Crystal,,Y,100,33,5,1,1.10,PC,,,Mid Tower,Y,Y,Y,Y,,,Y,,3,2,294.0,450,185,Y,Y,,,0,,,,,,,,,,0.0,0,100,Exclude,v1_10_0/Prefabs/Cases/Antec/CAS_Antec_P120_Crystal,Antec P120 Crystal,Antec P120 Crystal
Case,Antec,P6,,Y,85,28,13,30,1.0,,,,Micro,Y,Y,,,,,Y,,2,1,160.0,390,160,,Y,,,1,Mortoni Heat Away 120,,,,,,,,,0.0,7,78,,Prefabs/Cases/Antec/Antec_P6,Antec P6,Antec P6
Case,Antec,P8,,Y,85,28,13,30,1.0,,,,Mid Tower,Y,Y,Y,,,,Y,,3,2,240.0,390,165,,Y,,,3,Mortoni Heat Away 120,,,,,,,,,0.0,21,64,,Prefabs/Cases/Antec/Antec_P8,Antec P8,Antec P8
Case,ASUS,ROG Strix Helios,,Y,330,110,33,1,1.10,PC,,RGB,Mid Tower,Y,Y,Y,Y,,,Y,,3,3,220.0,450,190,Y,Y,,,4,Mortoni Heat Away 140,,,,,,,,,0.0,28,302,,v1_10_0/Prefabs/Cases/ASUS/CAS_ASUS_Strix_Helios,ASUS ROG Strix Helios,ASUS ROG Strix Helios
Case,be quiet!,Dark Base 700 (Black),,Y,180,60,25,1,1.1,,,RGB,Mid Tower,Y,Y,Y,Y,,,Y,,3,3,285.0,430,180,,Y,,,3,be quiet! Silent Wings 3 140mm,,,,,,,,286.0,0.0,24,156,,Prefabs/Cases/bequiet/CAS_bequiet_DARKBASE700,be quiet! Dark Base 700 (Black),be quiet! Dark Base 700 (Black)
Case,be quiet!,Dark Base 700 (White),,Y,180,60,25,1,1.1,,,RGB,Mid Tower,Y,Y,Y,Y,,,Y,,3,3,285.0,430,180,,Y,,,3,be quiet! Silent Wings 3 140mm,,,,,,,,286.0,0.0,24,156,,Prefabs/Cases/bequiet/CAS_bequiet_DARKBASE700_White,be quiet! Dark Base 700 (White),be quiet! Dark Base 700 (White)
Case,be quiet!,Dark Base 900 (Black),,Y,200,67,25,50,1.1,,,,Full Tower,Y,Y,Y,Y,,,Y,,4,3,284.0,472,185,,Y,,,3,be quiet! Silent Wings 3 140mm,,,,,,,,323.0,0.0,24,176,,Prefabs/Cases/bequiet/CAS_bequiet_DARKBASE900_Black,be quiet! Dark Base 900 (Black),be quiet! Dark Base 900 (Black)
Case,be quiet!,Dark Base 900 (Orange),,Y,200,67,25,50,1.1,,,,Full Tower,Y,Y,Y,Y,,,Y,,4,3,284.0,472,185,,Y,,,3,be quiet! Silent Wings 3 140mm,,,,,,,,323.0,0.0,24,176,Exclude,Prefabs/Cases/bequiet/CAS_bequiet_DARKBASE900_Orange,be quiet! Dark Base 900 (Orange),be quiet! Dark Base 900 (Orange)
Case,be quiet!,Dark Base 900 (Silver),,Y,200,67,25,50,1.1,,,,Full Tower,Y,Y,Y,Y,,,Y,,4,3,284.0,472,185,,Y,,,3,be quiet! Silent Wings 3 140mm,,,,,,,,323.0,0.0,24,176,,Prefabs/Cases/bequiet/CAS_bequiet_DARKBASE900_Gray,be quiet! Dark Base 900 (Silver),be quiet! Dark Base 900 (Silver)
Case,be quiet!,Dark Base Pro 900 rev. 2 (Black),,Y,280,93,26,50,1.1,,,,Full Tower,Y,Y,Y,Y,,,Y,,3,3,284.0,472,185,,Y,,,3,be quiet! Silent Wings 3 140mm,,,,,,,,323.0,0.0,24,256,,Prefabs/Cases/bequiet/CAS_bequiet_DARKBASEPRO900_Black,be quiet! Dark Base Pro 900 rev. 2 (Black),be quiet! Dark Base Pro 900 rev. 2 (Black)
Case,be quiet!,Dark Base Pro 900 rev. 2 (Orange),,Y,280,93,26,50,1.1,,,,Full Tower,Y,Y,Y,Y,,,Y,,3,3,284.0,472,185,,Y,,,3,be quiet! Silent Wings 3 140mm,,,,,,,,323.0,0.0,24,256,Exclude,Prefabs/Cases/bequiet/CAS_bequiet_DARKBASEPRO900,be quiet! Dark Base Pro 900 rev. 2 (Orange),be quiet! Dark Base Pro 900 rev. 2 (Orange)
Case,be quiet!,Dark Base Pro 900 rev. 2 (Silver),,Y,280,93,26,50,1.1,,,,Full Tower,Y,Y,Y,Y,,,Y,,3,3,284.0,472,185,,Y,,,3,be quiet! Silent Wings 3 140mm,,,,,,,,323.0,0.0,24,256,,Prefabs/Cases/bequiet/CAS_bequiet_DARKBASEPRO900_Gray,be quiet! Dark Base Pro 900 rev. 2 (Silver),be quiet! Dark Base Pro 900 rev. 2 (Silver)
Case,be quiet!,Pure Base 500 (Black Window),,Y,80,27,17,40,1.9,PC,,,Mid Tower,Y,Y,Y,,,,Y,,3,2,258.0,369,190,,Y,,,2,be quiet! Pure Wings 2 140mm,,,,,,,,323.0,0.0,26,54,,v1_9_0/Prefabs/Cases/bequiet/CAS_Bequiet_PUREBASE500_Window,be quiet! Pure Base 500 (Black Window),be quiet! Pure Base 500 (Black Window)
Case,be quiet!,Pure Base 500 (Black),,Y,70,23,17,40,1.9,PC,,,Mid Tower,Y,Y,Y,,,,Y,,3,2,258.0,369,190,,Y,,,2,be quiet! Pure Wings 2 140mm,,,,,,,,323.0,0.0,26,44,,v1_9_0/Prefabs/Cases/bequiet/CAS_Bequiet_PUREBASE500,be quiet! Pure Base 500 (Black),be quiet! Pure Base 500 (Black)
Case,be quiet!,Pure Base 500 (Metallic Grey Window),,Y,80,27,17,40,1.9,PC,,,Mid Tower,Y,Y,Y,,,,Y,,3,2,258.0,369,190,,Y,,,2,be quiet! Pure Wings 2 140mm,,,,,,,,323.0,0.0,26,54,,v1_9_0/Prefabs/Cases/bequiet/CAS_Bequiet_PUREBASE500_Window_Grey,be quiet! Pure Base 500 (Metallic Grey Window),be quiet! Pure Base 500 (Metallic Grey Window)
Case,be quiet!,Pure Base 500 (Metallic Grey),,Y,70,23,17,40,1.9,PC,,,Mid Tower,Y,Y,Y,,,,Y,,3,2,258.0,369,190,,Y,,,2,be quiet! Pure Wings 2 140mm,,,,,,,,323.0,0.0,26,44,,v1_9_0/Prefabs/Cases/bequiet/CAS_Bequiet_PUREBASE500_Grey,be quiet! Pure Base 500 (Metallic Grey),be quiet! Pure Base 500 (Metallic Grey)
Case,be quiet!,Pure Base 500 (White Window),,Y,80,27,17,40,1.9,PC,,,Mid Tower,Y,Y,Y,,,,Y,,3,2,258.0,369,190,,Y,,,2,be quiet! Pure Wings 2 140mm,,,,,,,,323.0,0.0,26,54,,v1_9_0/Prefabs/Cases/bequiet/CAS_Bequiet_PUREBASE500_Window_White,be quiet! Pure Base 500 (White Window),be quiet! Pure Base 500 (White Window)
Case,be quiet!,Pure Base 500 (White),,Y,70,23,17,40,1.9,PC,,,Mid Tower,Y,Y,Y,,,,Y,,3,2,258.0,369,190,,Y,,,2,be quiet! Pure Wings 2 140mm,,,,,,,,323.0,0.0,26,44,,v1_9_0/Prefabs/Cases/bequiet/CAS_Bequiet_PUREBASE500_White,be quiet! Pure Base 500 (White),be quiet! Pure Base 500 (White)
Case,be quiet!,Pure Base 500DX (Black),,Y,100,33,17,40,1.9,PC,,,Mid Tower,Y,Y,Y,,,,Y,,3,2,258.0,369,190,,Y,,,3,be quiet! Pure Wings 2 140mm,,,,,,,,323.0,0.0,39,61,,v1_9_0/Prefabs/Cases/bequiet/CAS_Bequiet_Pure_Base_500DX_Black,be quiet! Pure Base 500DX (Black),be quiet! Pure Base 500DX (Black)
Case,be quiet!,Pure Base 500DX (White),,Y,100,33,17,40,1.9,PC,,,Mid Tower,Y,Y,Y,,,,Y,,3,2,258.0,369,190,,Y,,,3,be quiet! Pure Wings 2 140mm,,,,,,,,323.0,0.0,39,61,,v1_9_0/Prefabs/Cases/bequiet/CAS_Bequiet_Pure_Base_500DX_White,be quiet! Pure Base 500DX (White),be quiet! Pure Base 500DX (White)
Case,be quiet!,Pure Base 600 (Black),,Y,90,30,15,1,1.1,,,,Mid Tower,Y,Y,Y,,,,Y,,3,2,210.0,425,165,,Y,,,1,be quiet! Pure Wings 2 120mm,,1.0,be quiet! Pure Wings 2 140mm,,,,,280.0,0.0,23,67,,Prefabs/Cases/bequiet/CAS_bequiet_PUREBASE600_RubbersOff_Black,be quiet! Pure Base 600 (Black),be quiet! Pure Base 600 (Black)
Case,be quiet!,Pure Base 600 (Silver),,Y,90,30,15,1,1.1,,,,Mid Tower,Y,Y,Y,,,,Y,,3,2,210.0,425,165,,Y,,,1,be quiet! Pure Wings 2 120mm,,1.0,be quiet! Pure Wings 2 140mm,,,,,280.0,0.0,23,67,,Prefabs/Cases/bequiet/CAS_bequiet_PUREBASE600_RubbersOff,be quiet! Pure Base 600 (Silver),be quiet! Pure Base 600 (Silver)
Case,be quiet!,Pure Base 600 Window (Black),,Y,90,30,15,50,1.1,,,,Mid Tower,Y,Y,Y,,,,Y,,3,2,210.0,425,165,,Y,,,1,be quiet! Pure Wings 2 120mm,,1.0,be quiet! Pure Wings 2 140mm,,,,,280.0,0.0,23,67,,Prefabs/Cases/bequiet/CAS_bequiet_PUREBASE600_Black,be quiet! Pure Base 600 Window (Black),be quiet! Pure Base 600 Window (Black)
Case,be quiet!,Pure Base 600 Window (Orange),,Y,90,30,15,50,1.1,,,,Mid Tower,Y,Y,Y,,,,Y,,3,2,210.0,425,165,,Y,,,1,be quiet! Pure Wings 2 120mm,,1.0,be quiet! Pure Wings 2 140mm,,,,,280.0,0.0,23,67,Exclude,Prefabs/Cases/bequiet/CAS_bequiet_PUREBASE600,be quiet! Pure Base 600 Window (Orange),be quiet! Pure Base 600 Window (Orange)
Case,be quiet!,Silent Base 600 (Black),,Y,60,20,11,1,1.1,,,,Mid Tower,Y,Y,Y,,,,Y,,2,1,290.0,413,167,,,,,1,be quiet! Pure Wings 2 120mm,,1.0,be quiet! Pure Wings 2 140mm,,,,,294.0,0.0,23,37,,Prefabs/Cases/bequiet/CAS_bequiet_SILENTBASE600_Normal_Black,be quiet! Silent Base 600 (Black),be quiet! Silent Base 600 (Black)
Case,be quiet!,Silent Base 600 (Green),,Y,60,20,11,50,1.1,,,,Mid Tower,Y,Y,Y,,,,Y,,2,1,290.0,413,167,,,,,1,be quiet! Pure Wings 2 120mm,,1.0,be quiet! Pure Wings 2 140mm,,,,,294.0,0.0,23,37,Exclude,Prefabs/Cases/bequiet/CAS_bequiet_SILENTBASE600_Normal_Green,be quiet! Silent Base 600 (Green),be quiet! Silent Base 600 (Green)
Case,be quiet!,Silent Base 600 (Orange),,Y,60,20,11,1,1.1,,,,Mid Tower,Y,Y,Y,,,,Y,,2,1,290.0,413,167,,,,,1,be quiet! Pure Wings 2 120mm,,1.0,be quiet! Pure Wings 2 140mm,,,,,294.0,0.0,23,37,Exclude,Prefabs/Cases/bequiet/CAS_bequiet_SILENTBASE600_Normal_Orange,be quiet! Silent Base 600 (Orange),be quiet! Silent Base 600 (Orange)
Case,be quiet!,Silent Base 600 (Red),,Y,60,20,11,30,1.1,,,,Mid Tower,Y,Y,Y,,,,Y,,2,1,290.0,413,167,,,,,1,be quiet! Pure Wings 2 120mm,,1.0,be quiet! Pure Wings 2 140mm,,,,,294.0,0.0,23,37,Exclude,Prefabs/Cases/bequiet/CAS_bequiet_SILENTBASE600_Normal_Red,be quiet! Silent Base 600 (Red),be quiet! Silent Base 600 (Red)
Case,be quiet!,Silent Base 600 (Silver),,Y,60,20,11,10,1.1,,,,Mid Tower,Y,Y,Y,,,,Y,,2,1,290.0,413,167,,,,,1,be quiet! Pure Wings 2 120mm,,1.0,be quiet! Pure Wings 2 140mm,,,,,294.0,0.0,23,37,,Prefabs/Cases/bequiet/CAS_bequiet_SILENTBASE600_Normal_Gray,be quiet! Silent Base 600 (Silver),be quiet! Silent Base 600 (Silver)
Case,be quiet!,Silent Base 600 Window (Black),,Y,60,20,12,1,1.1,,,,Mid Tower,Y,Y,Y,,,,Y,,2,1,290.0,413,167,,,,,1,be quiet! Pure Wings 2 120mm,,1.0,be quiet! Pure Wings 2 140mm,,,,,294.0,0.0,23,37,,Prefabs/Cases/bequiet/CAS_bequiet_SILENTBASE600_Window_Black,be quiet! Silent Base 600 Window (Black),be quiet! Silent Base 600 Window (Black)
Case,be quiet!,Silent Base 600 Window (Green),,Y,60,20,12,50,1.1,,,,Mid Tower,Y,Y,Y,,,,Y,,2,1,290.0,413,167,,,,,1,be quiet! Pure Wings 2 120mm,,1.0,be quiet! Pure Wings 2 140mm,,,,,294.0,0.0,23,37,Exclude,Prefabs/Cases/bequiet/CAS_bequiet_SILENTBASE600_Window_Green,be quiet! Silent Base 600 Window (Green),be quiet! Silent Base 600 Window (Green)
Case,be quiet!,Silent Base 600 Window (Orange),,Y,60,20,12,1,1.1,,,,Mid Tower,Y,Y,Y,,,,Y,,2,1,290.0,413,167,,,,,1,be quiet! Pure Wings 2 120mm,,1.0,be quiet! Pure Wings 2 140mm,,,,,294.0,0.0,23,37,Exclude,Prefabs/Cases/bequiet/CAS_bequiet_SILENTBASE600_Window_Orange,be quiet! Silent Base 600 Window (Orange),be quiet! Silent Base 600 Window (Orange)
Case,be quiet!,Silent Base 600 Window (Red),,Y,60,20,12,30,1.1,,,,Mid Tower,Y,Y,Y,,,,Y,,2,1,290.0,413,167,,,,,1,be quiet! Pure Wings 2 120mm,,1.0,be quiet! Pure Wings 2 140mm,,,,,294.0,0.0,23,37,Exclude,Prefabs/Cases/bequiet/CAS_bequiet_SILENTBASE600_Window_Red,be quiet! Silent Base 600 Window (Red),be quiet! Silent Base 600 Window (Red)
Case,be quiet!,Silent Base 600 Window (Silver),,Y,60,20,12,10,1.1,,,,Mid Tower,Y,Y,Y,,,,Y,,2,1,290.0,413,167,,,,,1,be quiet! Pure Wings 2 120mm,,1.0,be quiet! Pure Wings 2 140mm,,,,,294.0,0.0,23,37,Exclude,Prefabs/Cases/bequiet/CAS_bequiet_SILENTBASE600_Window_Silver,be quiet! Silent Base 600 Window (Silver),be quiet! Silent Base 600 Window (Silver)
Case,be quiet!,Silent Base 601 (Black),,Y,120,40,22,1,1.1,,,,Mid Tower,Y,Y,Y,Y,,,Y,,3,3,288.0,449,185,,Y,,,2,be quiet! Pure Wings 2 140mm,,,,,,,,287.0,0.0,26,94,,Prefabs/Cases/bequiet/CAS_bequiet_SILENTBASE601_Normal_Black,be quiet! Silent Base 601 (Black),be quiet! Silent Base 601 (Black)
Case,be quiet!,Silent Base 601 (Orange),,Y,120,40,22,1,1.1,,,,Mid Tower,Y,Y,Y,Y,,,Y,,3,3,288.0,449,185,,Y,,,2,be quiet! Pure Wings 2 140mm,,,,,,,,287.0,0.0,26,94,Exclude,Prefabs/Cases/bequiet/CAS_bequiet_SILENTBASE601_Normal_Orange,be quiet! Silent Base 601 (Orange),be quiet! Silent Base 601 (Orange)
Case,be quiet!,Silent Base 601 (Red),,Y,120,40,22,30,1.1,,,,Mid Tower,Y,Y,Y,Y,,,Y,,3,3,288.0,449,185,,Y,,,2,be quiet! Pure Wings 2 140mm,,,,,,,,287.0,0.0,26,94,Exclude,Prefabs/Cases/bequiet/CAS_bequiet_SILENTBASE601_Normal_Red,be quiet! Silent Base 601 (Red),be quiet! Silent Base 601 (Red)
Case,be quiet!,Silent Base 601 (Silver),,Y,120,40,22,10,1.1,,,,Mid Tower,Y,Y,Y,Y,,,Y,,3,3,288.0,449,185,,Y,,,2,be quiet! Pure Wings 2 140mm,,,,,,,,287.0,0.0,26,94,,Prefabs/Cases/bequiet/CAS_bequiet_SILENTBASE601_Normal_Gray,be quiet! Silent Base 601 (Silver),be quiet! Silent Base 601 (Silver)
Case,be quiet!,Silent Base 601 Window (Black),,Y,120,40,22,20,1.1,,,,Mid Tower,Y,Y,Y,Y,,,Y,,3,3,288.0,449,185,,Y,,,2,be quiet! Pure Wings 2 140mm,,,,,,,,287.0,0.0,26,94,,Prefabs/Cases/bequiet/CAS_bequiet_SILENTBASE601_Window_Black,be quiet! Silent Base 601 Window (Black),be quiet! Silent Base 601 Window (Black)
Case,be quiet!,Silent Base 601 Window (Orange),,Y,120,40,22,50,1.1,,,,Mid Tower,Y,Y,Y,Y,,,Y,,3,3,288.0,449,185,,Y,,,2,be quiet! Pure Wings 2 140mm,,,,,,,,287.0,0.0,26,94,Exclude,Prefabs/Cases/bequiet/CAS_bequiet_SILENTBASE601,be quiet! Silent Base 601 Window (Orange),be quiet! Silent Base 601 Window (Orange)
Case,be quiet!,Silent Base 601 Window (Red),,Y,120,40,22,90,1.1,,,,Mid Tower,Y,Y,Y,Y,,,Y,,3,3,288.0,449,185,,Y,,,2,be quiet! Pure Wings 2 140mm,,,,,,,,287.0,0.0,26,94,Exclude,Prefabs/Cases/bequiet/CAS_bequiet_SILENTBASE601_Window_Red,be quiet! Silent Base 601 Window (Red),be quiet! Silent Base 601 Window (Red)
Case,be quiet!,Silent Base 601 Window (Silver),,Y,120,40,22,70,1.1,,,,Mid Tower,Y,Y,Y,Y,,,Y,,3,3,288.0,449,185,,Y,,,2,be quiet! Pure Wings 2 140mm,,,,,,,,287.0,0.0,26,94,Exclude,Prefabs/Cases/bequiet/CAS_bequiet_SILENTBASE601_Window_Gray,be quiet! Silent Base 601 Window (Silver),be quiet! Silent Base 601 Window (Silver)
Case,be quiet!,Silent Base 801 (Black),,Y,160,53,24,1,1.1,,,,Mid Tower,Y,Y,Y,Y,,,Y,,3,3,288.0,449,185,,Y,,,3,be quiet! Pure Wings 2 140mm,,,,,,,,287.0,0.0,39,121,,Prefabs/Cases/bequiet/CAS_bequiet_SILENTBASE801_Normal_Black,be quiet! Silent Base 801 (Black),be quiet! Silent Base 801 (Black)
Case,be quiet!,Silent Base 801 (Orange),,Y,160,53,24,1,1.1,,,,Mid Tower,Y,Y,Y,Y,,,Y,,3,3,288.0,449,185,,Y,,,3,be quiet! Pure Wings 2 140mm,,,,,,,,287.0,0.0,39,121,Exclude,Prefabs/Cases/bequiet/CAS_bequiet_SILENTBASE801_Normal_Orange,be quiet! Silent Base 801 (Orange),be quiet! Silent Base 801 (Orange)
Case,be quiet!,Silent Base 801 (Red),,Y,160,53,24,50,1.1,,,,Mid Tower,Y,Y,Y,Y,,,Y,,3,3,288.0,449,185,,Y,,,3,be quiet! Pure Wings 2 140mm,,,,,,,,287.0,0.0,39,121,Exclude,Prefabs/Cases/bequiet/CAS_bequiet_SILENTBASE801_Normal_Red,be quiet! Silent Base 801 (Red),be quiet! Silent Base 801 (Red)
Case,be quiet!,Silent Base 801 (Silver),,Y,160,53,24,30,1.1,,,,Mid Tower,Y,Y,Y,Y,,,Y,,3,3,288.0,449,185,,Y,,,3,be quiet! Pure Wings 2 140mm,,,,,,,,287.0,0.0,39,121,,Prefabs/Cases/bequiet/CAS_bequiet_SILENTBASE801_Normal_Gray,be quiet! Silent Base 801 (Silver),be quiet! Silent Base 801 (Silver)
Case,be quiet!,Silent Base 801 Window (Black),,Y,160,53,24,70,1.1,,,,Mid Tower,Y,Y,Y,Y,,,Y,,3,3,288.0,449,185,,Y,,,3,be quiet! Pure Wings 2 140mm,,,,,,,,287.0,0.0,39,121,Exclude,Prefabs/Cases/bequiet/CAS_bequiet_SILENTBASE801_Window_Black,be quiet! Silent Base 801 Window (Black),be quiet! Silent Base 801 Window (Black)
Case,be quiet!,Silent Base 801 Window (Orange),,Y,160,53,24,70,1.1,,,,Mid Tower,Y,Y,Y,Y,,,Y,,3,3,288.0,449,185,,Y,,,3,be quiet! Pure Wings 2 140mm,,,,,,,,287.0,0.0,39,121,Exclude,Prefabs/Cases/bequiet/CAS_bequiet_SILENTBASE801_Window_Orange,be quiet! Silent Base 801 Window (Orange),be quiet! Silent Base 801 Window (Orange)
Case,be quiet!,Silent Base 801 Window (Red),,Y,160,53,24,90,1.1,,,,Mid Tower,Y,Y,Y,Y,,,Y,,3,3,288.0,449,185,,Y,,,3,be quiet! Pure Wings 2 140mm,,,,,,,,287.0,0.0,39,121,Exclude,Prefabs/Cases/bequiet/CAS_bequiet_SILENTBASE801_Window_Red,be quiet! Silent Base 801 Window (Red),be quiet! Silent Base 801 Window (Red)
Case,be quiet!,Silent Base 801 Window (Silver),,Y,160,53,24,90,1.1,,,,Mid Tower,Y,Y,Y,Y,,,Y,,3,3,288.0,449,185,,Y,,,3,be quiet! Pure Wings 2 140mm,,,,,,,,287.0,0.0,39,121,Exclude,Prefabs/Cases/bequiet/CAS_bequiet_SILENTBASE801_Window_Grey,be quiet! Silent Base 801 Window (Silver),be quiet! Silent Base 801 Window (Silver)
Case,Cooler Master,COSMOS C700P,,Y,300,100,3,1,1.0,,,RGB,Full Tower,Y,Y,Y,Y,,,Y,,3,3,250.0,490,198,,Y,,,3,Mortoni Heat Away 140,,,,,,,,320.0,0.0,21,279,Exclude,Prefabs/Cases/CoolerMaster/Cosmos_C700P_Case,Cooler Master COSMOS C700P,Cooler Master COSMOS C700P
Case,Cooler Master,MasterBox 5 (White),,Y,80,27,1,1,1.0,,,,Mid Tower,Y,Y,Y,,,,Y,,2,2,250.0,410,167,,Y,,,2,Mortoni Heat Away 120,,,,,,,,,0.0,14,66,Exclude,Prefabs/Cases/CoolerMaster/CM_MasterBox_5_White,Cooler Master MasterBox 5 (White),Cooler Master MasterBox 5 (White)
Case,Cooler Master,MasterBox 5 MSI Edition,,Y,100,33,15,1,1.0,,,,Mid Tower,Y,Y,Y,,,,Y,,2,2,250.0,410,167,,Y,,,2,Mortoni Heat Away 120,,,,,,,,,0.0,14,86,Exclude,Prefabs/Cases/CoolerMaster/CM_MasterBox_5_MSI_Edition,Cooler Master MasterBox 5 MSI Edition,Cooler Master MasterBox 5 MSI Edition
Case,Cooler Master,MasterBox NR200P (Black Window),,Y,130,43,32,50,1.14,PC,,,Micro,Y,,,,,,,Y,2,2,120.0,330,153,Y,,,,2,Cooler Master SickleFlow 120mm,,,,,,,,,0.0,60,70,,v1_14_0/Prefabs/Cases/CoolerMaster/CAS_Coolmaster_MasterBox_NR200P,Cooler Master MasterBox NR200P (Black Window),Cooler Master MasterBox NR200P (Black Window)
Case,Cooler Master,MasterBox NR200P (Black),,Y,130,43,32,50,1.14,PC,,,Micro,Y,,,,,,,Y,2,2,120.0,330,153,Y,,,,2,Cooler Master SickleFlow 120mm,,,,,,,,,0.0,60,70,,v1_14_0/Prefabs/Cases/CoolerMaster/CAS_Coolmaster_MasterBox_NR200P_grid,Cooler Master MasterBox NR200P (Black),Cooler Master MasterBox NR200P (Black)
Case,Cooler Master,MasterBox NR200P (Blue Window),,Y,180,60,32,50,1.14,PC,,,Micro,Y,,,,,,,Y,2,2,120.0,330,153,Y,,,,2,Cooler Master SickleFlow 120mm,,,,,,,,,0.0,60,120,,v1_14_0/Prefabs/Cases/CoolerMaster/CAS_Coolmaster_MasterBox_NR200P_MS_Blue,Cooler Master MasterBox NR200P (Blue Window),Cooler Master MasterBox NR200P (Blue Window)
Case,Cooler Master,MasterBox NR200P (Blue),,Y,180,60,32,50,1.14,PC,,,Micro,Y,,,,,,,Y,2,2,120.0,330,153,Y,,,,2,Cooler Master SickleFlow 120mm,,,,,,,,,0.0,60,120,,v1_14_0/Prefabs/Cases/CoolerMaster/CAS_Coolmaster_MasterBox_NR200P_MS_Blue_grid,Cooler Master MasterBox NR200P (Blue),Cooler Master MasterBox NR200P (Blue)
Case,Cooler Master,MasterBox NR200P (Orange Window),,Y,180,60,32,50,1.14,PC,,,Micro,Y,,,,,,,Y,2,2,120.0,330,153,Y,,,,2,Cooler Master SickleFlow 120mm,,,,,,,,,0.0,60,120,,v1_14_0/Prefabs/Cases/CoolerMaster/CAS_Coolmaster_MasterBox_NR200P_MS_Orange,Cooler Master MasterBox NR200P (Orange Window),Cooler Master MasterBox NR200P (Orange Window)
Case,Cooler Master,MasterBox NR200P (Orange),,Y,180,60,32,50,1.14,PC,,,Micro,Y,,,,,,,Y,2,2,120.0,330,153,Y,,,,2,Cooler Master SickleFlow 120mm,,,,,,,,,0.0,60,120,,v1_14_0/Prefabs/Cases/CoolerMaster/CAS_Coolmaster_MasterBox_NR200P_MS_Orange_grid,Cooler Master MasterBox NR200P (Orange),Cooler Master MasterBox NR200P (Orange)
Case,Cooler Master,MasterBox NR200P (Pink Window),,Y,180,60,32,50,1.14,PC,,,Micro,Y,,,,,,,Y,2,2,120.0,330,153,Y,,,,2,Cooler Master SickleFlow 120mm,,,,,,,,,0.0,60,120,,v1_14_0/Prefabs/Cases/CoolerMaster/CAS_Coolmaster_MasterBox_NR200P_MS_Pink,Cooler Master MasterBox NR200P (Pink Window),Cooler Master MasterBox NR200P (Pink Window)
Case,Cooler Master,MasterBox NR200P (Pink),,Y,180,60,32,50,1.14,PC,,,Micro,Y,,,,,,,Y,2,2,120.0,330,153,Y,,,,2,Cooler Master SickleFlow 120mm,,,,,,,,,0.0,60,120,,v1_14_0/Prefabs/Cases/CoolerMaster/CAS_Coolmaster_MasterBox_NR200P_MS_Pink_grid,Cooler Master MasterBox NR200P (Pink),Cooler Master MasterBox NR200P (Pink)
Case,Cooler Master,MasterBox NR200P (Purple Menu),,,0,0,1,50,1.14,PC,,,Micro,Y,,,,,,,Y,2,2,120.0,330,153,Y,,,,2,Cooler Master SickleFlow 120mm,,,,,,,,,0.0,60,-60,,v1_14_0/Prefabs/Cases/CoolerMaster/CAS_Coolmaster_MasterBox_NR200P_MS_Purple_MENU,Cooler Master MasterBox NR200P (Purple Menu),Cooler Master MasterBox NR200P (Purple Menu)
Case,Cooler Master,MasterBox NR200P (Purple Window),,Y,180,60,32,50,1.14,PC,,,Micro,Y,,,,,,,Y,2,2,120.0,330,153,Y,,,,2,Cooler Master SickleFlow 120mm,,,,,,,,,0.0,60,120,,v1_14_0/Prefabs/Cases/CoolerMaster/CAS_Coolmaster_MasterBox_NR200P_MS_Purple,Cooler Master MasterBox NR200P (Purple Window),Cooler Master MasterBox NR200P (Purple Window)
Case,Cooler Master,MasterBox NR200P (Purple),,Y,180,60,32,50,1.14,PC,,,Micro,Y,,,,,,,Y,2,2,120.0,330,153,Y,,,,2,Cooler Master SickleFlow 120mm,,,,,,,,,0.0,60,120,,v1_14_0/Prefabs/Cases/CoolerMaster/CAS_Coolmaster_MasterBox_NR200P_MS_Purple_grid,Cooler Master MasterBox NR200P (Purple),Cooler Master MasterBox NR200P (Purple)
Case,Cooler Master,MasterBox NR200P (Sakura Window),,Y,330,110,32,50,1.14,PC,,,Micro,Y,,,,,,,Y,2,2,120.0,330,153,Y,,,,2,Cooler Master SickleFlow 120mm,,,,,,,,,0.0,60,270,,v1_14_0/Prefabs/Cases/CoolerMaster/CAS_CoolerMaster_MasterBox_NR200P_SAKURA_LIMITED_EDITION,Cooler Master MasterBox NR200P (Sakura Window),Cooler Master MasterBox NR200P (Sakura Window)
Case,Cooler Master,MasterBox NR200P (Sakura),,Y,330,110,32,50,1.14,PC,,,Micro,Y,,,,,,,Y,2,2,120.0,330,153,Y,,,,2,Cooler Master SickleFlow 120mm,,,,,,,,,0.0,60,270,,v1_14_0/Prefabs/Cases/CoolerMaster/CAS_CoolerMaster_MasterBox_NR200P_SAKURA_LIMITED_EDITION_GRID,Cooler Master MasterBox NR200P (Sakura),Cooler Master MasterBox NR200P (Sakura)
Case,Cooler Master,MasterBox NR200P (White Window),,Y,130,43,32,50,1.14,PC,,,Micro,Y,,,,,,,Y,2,2,120.0,330,153,Y,,,,2,Cooler Master SickleFlow 120mm,,,,,,,,,0.0,60,70,,v1_14_0/Prefabs/Cases/CoolerMaster/CAS_Coolmaster_MasterBox_NR200P_MS_White,Cooler Master MasterBox NR200P (White Window),Cooler Master MasterBox NR200P (White Window)
Case,Cooler Master,MasterBox NR200P (White),,Y,130,43,32,50,1.14,PC,,,Micro,Y,,,,,,,Y,2,2,120.0,330,153,Y,,,,2,Cooler Master SickleFlow 120mm,,,,,,,,,0.0,60,70,,v1_14_0/Prefabs/Cases/CoolerMaster/CAS_Coolmaster_MasterBox_NR200P_MS_White_grid,Cooler Master MasterBox NR200P (White),Cooler Master MasterBox NR200P (White)
Case,Cooler Master,MasterCase H500P,,Y,150,50,3,1,1.0,,,RGB,Mid Tower,Y,Y,Y,Y,,,Y,,3,3,250.0,412,190,,Y,,,1,Mortoni Heat Away 140,,2.0,Cooler Master MasterCase H500P 200mm RGB,,,,,,0.0,27,123,,Prefabs/Cases/CoolerMaster/Cosmos_H500P_Case,Cooler Master MasterCase H500P,Cooler Master MasterCase H500P
Case,Cooler Master,MasterCase Maker 5 MSI Dragon Edition,,Y,250,83,15,20,1.0,,,White,Mid Tower,Y,Y,Y,,,,Y,,2,2,250.0,412,190,,Y,,,3,Mortoni Heat Away 140,,,,,,,,296.0,0.0,21,229,Exclude,Prefabs/Cases/CoolerMaster/CM_MasterCase_Maker_5_MSI_Dragon_Edition,Cooler Master MasterCase Maker 5 MSI Dragon Edition,Cooler Master MasterCase Maker 5 MSI Dragon Edition
Case,Cooler Master,MasterCase Maker 5t,,Y,180,60,8,1,1.0,,,Red,Mid Tower,Y,Y,Y,,,,Y,,2,2,200.0,412,190,,Y,,,2,Mortoni Heat Away 140,,,,,,,,296.0,0.0,14,166,Exclude,Prefabs/Cases/CoolerMaster/CM_MasterCase_Maker_5t,Cooler Master MasterCase Maker 5t,Cooler Master MasterCase Maker 5t
Case,Cooler Master,MasterFrame 700 (Bench Mode),,Y,700,233,34,20,1.13,PC,,,Full Tower,Y,Y,Y,Y,Y,Y,Y,,3,3,210.0,500,200,Y,,,Y,0,,,,,,,,,,0.7,0,700,Exclude,v1_13_0/Prefabs/Cases/CoolerMaster/CAS_Cooler_Master_MasterFrame_700_BenchMode,Cooler Master MasterFrame 700 (Bench Mode),Cooler Master MasterFrame 700 (Bench Mode)
Case,Cooler Master,MasterFrame 700 (Showcase Mode),,Y,700,233,34,20,1.13,PC,,,Full Tower,Y,Y,Y,Y,Y,Y,Y,,3,3,210.0,450,158,Y,Y,,,0,,,,,,,,,,0.0,0,700,,v1_13_0/Prefabs/Cases/CoolerMaster/CAS_Cooler_Master_MasterFrame_700,Cooler Master MasterFrame 700 (Showcase Mode),Cooler Master MasterFrame 700 (Showcase Mode)
Case,Cooler Master,Silencio S400,,Y,115,38,31,30,1.13,PC,,,Micro,Y,Y,,,,,Y,,2,2,140.0,319,166,Y,Y,,,2,Cooler Master SILENCIO FP 120 PWM,,,,,,,,,0.0,60,55,,v1_13_0/Prefabs/Cases/CoolerMaster/CAS_CoolerMaster_Silencio_S400,Cooler Master Silencio S400,Cooler Master Silencio S400
Case,Cooler Master,Silencio S400 - Window,,Y,130,43,31,30,1.13,PC,,,Micro,Y,Y,,,,,Y,,2,2,140.0,319,166,Y,Y,,,2,Cooler Master SILENCIO FP 120 PWM,,,,,,,,,0.0,60,70,,v1_13_0/Prefabs/Cases/CoolerMaster/CAS_CoolerMaster_Silencio_S400_GlassSwap,Cooler Master Silencio S400 - Window,Cooler Master Silencio S400 - Window
Case,Cooler Master,Silencio S600,,Y,130,43,31,30,1.13,PC,,,Mid Tower,Y,Y,Y,,,,Y,,2,2,180.0,398,166,,Y,,,2,Cooler Master SILENCIO FP 120 PWM,,,,,,,,,0.0,60,70,,v1_13_0/Prefabs/Cases/CoolerMaster/CAS_CoolMaster_Silencio_S600,Cooler Master Silencio S600,Cooler Master Silencio S600
Case,Cooler Master,Silencio S600 - Window,,Y,130,43,31,30,1.13,PC,,,Mid Tower,Y,Y,Y,,,,Y,,2,2,180.0,398,166,,Y,,,2,Cooler Master SILENCIO FP 120 PWM,,,,,,,,,0.0,60,70,,v1_13_0/Prefabs/Cases/CoolerMaster/CAS_CoolMaster_Silencio_S600_GlassSwap,Cooler Master Silencio S600 - Window,Cooler Master Silencio S600 - Window
Case,CORSAIR,Carbide Series 175R RGB,,Y,85,28,21,1,1.6,PC,,RGB,Mid Tower,Y,Y,Y,Y,,,Y,,3,2,180.0,330,160,Y,Y,,,1,CORSAIR LL120 RGB LED,,,,,,,,,0.0,35,50,,Prefabs/Cases/Corsair/CAS_Corsair_Carbide_175R_RGB,CORSAIR Carbide Series 175R RGB,CORSAIR Carbide Series 175R RGB
Case,CORSAIR,Carbide Series 275R (Black),,Y,80,27,13,70,1.0,,,White,Mid Tower,Y,Y,Y,,,,Y,,3,2,180.0,370,170,,Y,,,2,Mortoni Heat Away 120,,,,,,,,,0.0,14,66,,Prefabs/Cases/Corsair/Corsair_Carbide_275R,CORSAIR Carbide Series 275R (Black),CORSAIR Carbide Series 275R (Black)
Case,CORSAIR,Carbide Series 275R (White),,Y,80,27,13,70,1.0,,,White,Mid Tower,Y,Y,Y,,,,Y,,3,2,180.0,370,170,,Y,,,2,Mortoni Heat Away 120,,,,,,,,,0.0,14,66,,Prefabs/Cases/Corsair/Corsair_Carbide_275R_white,CORSAIR Carbide Series 275R (White),CORSAIR Carbide Series 275R (White)
Case,CORSAIR,Carbide Series Air 740,,Y,280,93,21,1,1.0,,,,Cube,Y,Y,Y,,,,Y,,3,2,225.0,330,170,,Y,,,3,Mortoni Heat Away 140,,,,,,,,,0.0,21,259,Exclude,Prefabs/Cases/Corsair/Corsair_Carbide_Air_740,CORSAIR Carbide Series Air 740,CORSAIR Carbide Series Air 740
Case,CORSAIR,Carbide Series SPEC-DELTA RGB,,Y,90,30,26,32,1.3,PC,,RGB,Mid Tower,Y,Y,Y,,,,Y,,3,2,180.0,330,160,,Y,,,1,CORSAIR ML120,,3.0,CORSAIR LL120 RGB LED,,,,,,0.0,130,-40,Exclude,Prefabs/Cases/Corsair/CAS_Corsair_Carbide_Series_SPEC_DELTA_RGB,CORSAIR Carbide Series SPEC-DELTA RGB,CORSAIR Carbide Series SPEC-DELTA RGB
Case,CORSAIR,Carbide Series SPEC-OMEGA (Black),,Y,100,33,23,1,1.0,,,Red,Mid Tower,Y,Y,Y,,,,Y,,3,2,200.0,370,170,,Y,,,2,CORSAIR ML120,,,,,,,,,0.0,50,50,Exclude,Prefabs/Cases/Corsair/Corsair_SPEC_OMEGA_Black,CORSAIR Carbide Series SPEC-OMEGA (Black),CORSAIR Carbide Series SPEC-OMEGA (Black)
Case,CORSAIR,Carbide Series SPEC-OMEGA (Black/Red),,Y,100,33,23,1,1.0,,,Red,Mid Tower,Y,Y,Y,,,,Y,,3,2,200.0,370,170,,Y,,,2,CORSAIR ML120,,,,,,,,,0.0,50,50,Exclude,Prefabs/Cases/Corsair/Corsair_SPEC_OMEGA,CORSAIR Carbide Series SPEC-OMEGA (Black/Red),CORSAIR Carbide Series SPEC-OMEGA (Black/Red)
Case,CORSAIR,Carbide Series SPEC-OMEGA (Black/White),,Y,100,33,23,1,1.0,,,White,Mid Tower,Y,Y,Y,,,,Y,,3,2,200.0,370,170,,Y,,,2,CORSAIR ML120,,,,,,,,,0.0,50,50,Exclude,Prefabs/Cases/Corsair/Corsair_SPEC_OMEGA_White,CORSAIR Carbide Series SPEC-OMEGA (Black/White),CORSAIR Carbide Series SPEC-OMEGA (Black/White)
Case,CORSAIR,Carbide SPEC-06 RGB (Black),,Y,100,33,23,30,1.3,PC,,RGB,Mid Tower,Y,Y,Y,Y,,,Y,,3,2,180.0,370,170,,Y,,,2,Mortoni Heat Away 120,,,,,,,,,0.0,14,86,,Prefabs/Cases/Corsair/CAS_Corsair_Carbide_SPEC-06_RGB,CORSAIR Carbide SPEC-06 RGB (Black),CORSAIR Carbide SPEC-06 RGB (Black)
Case,CORSAIR,Carbide SPEC-06 RGB (White),,Y,100,33,23,30,1.3,PC,,RGB,Mid Tower,Y,Y,Y,Y,,,Y,,3,2,180.0,370,170,,Y,,,2,Mortoni Heat Away 120,,,,,,,,,0.0,14,86,,Prefabs/Cases/Corsair/CAS_Corsair_Carbide_SPEC-06_RGB_White,CORSAIR Carbide SPEC-06 RGB (White),CORSAIR Carbide SPEC-06 RGB (White)
Case,CORSAIR,Crystal Series 280X RGB (Black),,Y,160,53,26,30,1.3,PC,,RGB,Micro,Y,Y,,,,,Y,,2,2,180.0,300,150,,,,,2,CORSAIR LL120 RGB LED,,,,,,,,,0.0,70,90,Exclude,Prefabs/Cases/Corsair/CAS_Corsair_Crystal_Series_280X_Black,CORSAIR Crystal Series 280X RGB (Black),CORSAIR Crystal Series 280X RGB (Black)
Case,CORSAIR,Crystal Series 280X RGB (White),,Y,160,53,26,30,1.3,PC,,RGB,Micro,Y,Y,,,,,Y,,2,2,180.0,300,150,,,,,2,CORSAIR LL120 RGB LED,,,,,,,,,0.0,70,90,Exclude,Prefabs/Cases/Corsair/CAS_Corsair_Crystal_Series_280X,CORSAIR Crystal Series 280X RGB (White),CORSAIR Crystal Series 280X RGB (White)
Case,CORSAIR,Crystal Series 570X RGB,,Y,180,60,24,33,1.0,,,RGB,Mid Tower,Y,Y,Y,,,,Y,,3,2,225.0,370,170,,Y,,,3,CORSAIR SP120 RGB LED,,,,,,,,,0.0,105,75,,Prefabs/Cases/Corsair/Case_Corsair_570x_RGB,CORSAIR Crystal Series 570X RGB,CORSAIR Crystal Series 570X RGB
Case,CORSAIR,Graphite Series 380T (Black),,Y,110,37,23,30,1.2,,,,Cube,Y,,,,,,Y,,2,0,180.0,290,150,,,,,1,CORSAIR ML120,,1.0,CORSAIR LL140 RGB LED,,,,,,0.0,63,47,Exclude,Prefabs/Cases/Corsair/CAS_Corsair_GraphiteSeries_380T_Black,CORSAIR Graphite Series 380T (Black),CORSAIR Graphite Series 380T (Black)
Case,CORSAIR,Graphite Series 380T (White),,Y,110,37,23,30,1.2,,,,Cube,Y,,,,,,Y,,2,0,180.0,290,150,,,,,1,CORSAIR ML120,,1.0,CORSAIR LL140 RGB LED,,,,,,0.0,63,47,,Prefabs/Cases/Corsair/CAS_Corsair_GraphiteSeries_380T_White,CORSAIR Graphite Series 380T (White),CORSAIR Graphite Series 380T (White)
Case,CORSAIR,Graphite Series 380T (Yellow),,Y,110,37,23,30,1.2,,,,Cube,Y,,,,,,Y,,2,0,180.0,290,150,,,,,1,CORSAIR ML120,,1.0,CORSAIR LL140 RGB LED,,,,,,0.0,63,47,,Prefabs/Cases/Corsair/CAS_Corsair_GraphiteSeries_380T_Yellow,CORSAIR Graphite Series 380T (Yellow),CORSAIR Graphite Series 380T (Yellow)
Case,CORSAIR,iCUE 220T RGB Airflow (Black),,Y,120,40,23,20,1.7,PC,,,Mid Tower,Y,Y,Y,,,,Y,,3,2,180.0,300,160,,Y,,,3,CORSAIR LL120 RGB LED,,,,,,,,,0.0,105,15,Exclude,v1_7_0/Prefabs/Cases/Corsair/CAS_Corsair_iCUE_220T_RGB_Airflow_Black,CORSAIR iCUE 220T RGB Airflow (Black),CORSAIR iCUE 220T RGB Airflow (Black)
Case,CORSAIR,iCUE 220T RGB Airflow (White),,Y,120,40,23,20,1.7,PC,,,Mid Tower,Y,Y,Y,,,,Y,,3,2,180.0,300,160,,Y,,,3,CORSAIR LL120 RGB LED,,,,,,,,,0.0,105,15,Exclude,v1_7_0/Prefabs/Cases/Corsair/CAS_Corsair_iCUE_220T_RGB_Airflow_White,CORSAIR iCUE 220T RGB Airflow (White),CORSAIR iCUE 220T RGB Airflow (White)
Case,CORSAIR,iCUE 220T RGB TG (Black),,Y,140,47,23,20,1.14,PC,,RGB,Mid Tower,Y,Y,Y,,,,Y,,3,2,180.0,300,160,,Y,,,3,CORSAIR LL120 RGB LED,,,,,,,,,0.0,105,35,Exclude,v1_14_0/Prefabs/Cases/Corsair/CAS_iCUE_220T_RGB_Tempered_Glass_MidTower_Smart_Case_Black_MS,CORSAIR iCUE 220T RGB TG (Black),CORSAIR iCUE 220T RGB TG (Black)
Case,CORSAIR,iCUE 220T RGB TG (White),,Y,140,47,23,20,1.14,PC,,RGB,Mid Tower,Y,Y,Y,,,,Y,,3,2,180.0,300,160,,Y,,,3,CORSAIR LL120 RGB LED,,,,,,,,,0.0,105,35,Exclude,v1_14_0/Prefabs/Cases/Corsair/CAS_iCUE_220T_RGB_Tempered_Glass_MidTower_Smart_Case_White_MS,CORSAIR iCUE 220T RGB TG (White),CORSAIR iCUE 220T RGB TG (White)
Case,CORSAIR,iCUE 5000D (Black),,Y,180,60,28,1,1.15,PC,,RGB,Mid Tower,Y,Y,Y,Y,,,Y,,3,2,250.0,400,170,,Y,,,2,CORSAIR SP120 (Black),,,,,,,,,0.0,40,140,Exclude,v1_15_0/Prefabs/Cases/Corsair/CAS_Corsair_iCUE_5000D,CORSAIR iCUE 5000D (Black),CORSAIR iCUE 5000D (Black)
Case,CORSAIR,iCUE 5000D (White),,Y,180,60,28,1,1.15,PC,,RGB,Mid Tower,Y,Y,Y,Y,,,Y,,3,2,250.0,400,170,,Y,,,2,CORSAIR SP120 (White),,,,,,,,,0.0,40,140,Exclude,v1_15_0/Prefabs/Cases/Corsair/CAS_Corsair_iCUE_5000D_White_MS,CORSAIR iCUE 5000D (White),CORSAIR iCUE 5000D (White)
Case,CORSAIR,iCUE 5000D Airflow (Black),,Y,180,60,28,1,1.15,PC,,RGB,Mid Tower,Y,Y,Y,Y,,,Y,,3,2,250.0,400,170,,Y,,,2,CORSAIR SP120 (Black),,,,,,,,,0.0,40,140,Exclude,v1_15_0/Prefabs/Cases/Corsair/CAS_Corsair_iCUE_5000D_AirFlow,CORSAIR iCUE 5000D Airflow (Black),CORSAIR iCUE 5000D Airflow (Black)
Case,CORSAIR,iCUE 5000D Airflow (White),,Y,180,60,28,1,1.15,PC,,RGB,Mid Tower,Y,Y,Y,Y,,,Y,,3,2,250.0,400,170,,Y,,,2,CORSAIR SP120 (White),,,,,,,,,0.0,40,140,Exclude,v1_15_0/Prefabs/Cases/Corsair/CAS_Corsair_iCUE_5000D_AirFlowWhite_MS,CORSAIR iCUE 5000D Airflow (White),CORSAIR iCUE 5000D Airflow (White)
Case,CORSAIR,iCUE 5000T,,Y,180,60,28,1,1.15,PC,,RGB,Mid Tower,Y,Y,Y,Y,,,Y,,3,2,250.0,400,170,,Y,,,3,CORSAIR LL120 RGB LED,,,,,,,,,0.0,105,75,Exclude,v1_15_0/Prefabs/Cases/Corsair/CAS_iCUE_5000T,CORSAIR iCUE 5000T,CORSAIR iCUE 5000T
Case,CORSAIR,iCUE 5000T (White),,Y,180,60,28,1,1.15,PC,,RGB,Mid Tower,Y,Y,Y,Y,,,Y,,3,2,250.0,400,170,,Y,,,3,CORSAIR LL120 RGB LED (White),,,,,,,,,0.0,105,75,Exclude,v1_15_0/Prefabs/Cases/Corsair/CAS_iCUE_5000T_WHITE_MS,CORSAIR iCUE 5000T (White),CORSAIR iCUE 5000T (White)
Case,CORSAIR,iCUE 5000X RGB (Black),,Y,180,60,28,1,1.15,PC,,RGB,Mid Tower,Y,Y,Y,Y,,,Y,,3,2,250.0,400,170,,Y,,,3,CORSAIR SP120 RGB Elite (Black),,,,,,,,,0.0,75,105,Exclude,v1_15_0/Prefabs/Cases/Corsair/CAS_Corsair_iCUE_5000X_RGB,CORSAIR iCUE 5000X RGB (Black),CORSAIR iCUE 5000X RGB (Black)
Case,CORSAIR,iCUE 5000X RGB (White),,Y,180,60,28,1,1.15,PC,,RGB,Mid Tower,Y,Y,Y,Y,,,Y,,3,2,250.0,400,170,,Y,,,3,CORSAIR SP120 RGB Elite (White),,,,,,,,,0.0,75,105,Exclude,v1_15_0/Prefabs/Cases/Corsair/CAS_Corsair_iCUE_5000X_RGB_White_MS,CORSAIR iCUE 5000X RGB (White),CORSAIR iCUE 5000X RGB (White)
Case,CORSAIR,MENU iCUE 5000D Airflow (White),,,0,0,0,1,1.15,PC,,RGB,Mid Tower,Y,Y,Y,Y,,,Y,,3,2,250.0,400,170,,Y,,,3,CORSAIR SP120 RGB Elite (Black),,,,,,,,,0.0,75,-75,Exclude,v1_15_0/Prefabs/Cases/Corsair/MENU_CAS_Corsair_iCUE_5000X_RGB,CORSAIR MENU iCUE 5000D Airflow (White),CORSAIR MENU iCUE 5000D Airflow (White)
Case,CORSAIR,Obsidian Series 1000D,,Y,500,167,8,80,1.3,PC,,RGB,Super Tower,Y,Y,Y,Y,,,Y,,4,3,225.0,400,180,,Y,,,0,,,,,,,,,,0.0,0,500,Exclude,Prefabs/Cases/Corsair/CAS_Corsair_ObsidianSeries_1000D,CORSAIR Obsidian Series 1000D,CORSAIR Obsidian Series 1000D
Case,CORSAIR,Obsidian Series 500D,,Y,150,50,21,1,1.0,,,,Mid Tower,Y,Y,Y,,,,Y,,3,2,225.0,370,170,,Y,,,2,Mortoni Heat Away 120,,,,,,,,,0.0,14,136,,Prefabs/Cases/Corsair/Corsair_Obsidian_500D,CORSAIR Obsidian Series 500D,CORSAIR Obsidian Series 500D
Case,CORSAIR,Obsidian Series 750D,,Y,160,53,8,40,1.2,,,,Full Tower,Y,Y,Y,Y,,,Y,,3,3,220.0,450,170,,Y,,,3,CORSAIR ML140,,,,,,,,,0.0,84,76,,Prefabs/Cases/Corsair/CAS_Corsair_ObsidianSeries_750D,CORSAIR Obsidian Series 750D,CORSAIR Obsidian Series 750D
Case,CORSAIR,Obsidian Series 900D,,Y,360,120,8,60,1.3,PC,,,Super Tower,Y,Y,Y,Y,,,Y,,4,3,280.0,500,170,,Y,,,4,CORSAIR ML120,,,,,,,,,0.0,100,260,,Prefabs/Cases/Corsair/CAS_Corsair_ObsidianSeries_900D,CORSAIR Obsidian Series 900D,CORSAIR Obsidian Series 900D
Case,Deepcool,EARLKASE RGB,,Y,85,28,17,1,1.0,,,RGB,Mid Tower,Y,Y,Y,,,,Y,,2,2,200.0,340,165,,Y,,,1,Deepcool RF 120,,1.0,Mortoni Heat Away 120,,,,,,0.0,27,58,Exclude,Prefabs/Cases/Deepcool/Deepcool_Earlkase_Black,Deepcool EARLKASE RGB,Deepcool EARLKASE RGB
Case,Deepcool,EARLKASE RGB WH,,Y,85,28,17,1,1.0,,,RGB,Mid Tower,Y,Y,Y,,,,Y,,2,2,200.0,340,165,,Y,,,1,Deepcool RF 120,,1.0,Mortoni Heat Away 120,,,,,,0.0,27,58,Exclude,Prefabs/Cases/Deepcool/Deepcool_Earlkase_WH,Deepcool EARLKASE RGB WH,Deepcool EARLKASE RGB WH
Case,Deepcool,MATREXX 55,,Y,50,17,10,1,1.0,,,RGB,Mid Tower,Y,Y,Y,Y,,,Y,,3,1,170.0,370,168,,Y,,,0,,,,,,,,,,0.0,0,50,Exclude,Prefabs/Cases/Deepcool/Deepcool_Matrexx_55,Deepcool MATREXX 55,Deepcool MATREXX 55
Case,EVGA,DG-73,,Y,90,30,28,1,1.0,,,,Mid Tower,Y,Y,Y,,,,Y,,3,1,250.0,390,165,,Y,,,2,Mortoni Heat Away 120,,,,,,,,,0.0,14,76,Exclude,Prefabs/Cases/EVGA/EVGA_DG_73,EVGA DG-73,EVGA DG-73
Case,EVGA,DG-75 (Black),,Y,110,37,28,15,1.0,,,,Mid Tower,Y,Y,Y,,,,Y,,3,1,250.0,390,165,,Y,,,2,Mortoni Heat Away 120,,,,,,,,,0.0,14,96,Exclude,Prefabs/Cases/EVGA/EVGA_DG_75_Black,EVGA DG-75 (Black),EVGA DG-75 (Black)
Case,EVGA,DG-75 (White),,Y,120,40,28,15,1.0,,,,Mid Tower,Y,Y,Y,,,,Y,,3,1,250.0,390,165,,Y,,,2,Mortoni Heat Away 120,,,,,,,,,0.0,14,106,Exclude,Prefabs/Cases/EVGA/EVGA_DG_75_White,EVGA DG-75 (White),EVGA DG-75 (White)
Case,EVGA,DG-76 (Black),,Y,140,47,28,35,1.0,,,RGB,Mid Tower,Y,Y,Y,,,,Y,,3,1,250.0,390,165,,Y,,,3,Mortoni Heat Away 120,,,,,,,,,0.0,21,119,Exclude,Prefabs/Cases/EVGA/EVGA_DG_76,EVGA DG-76 (Black),EVGA DG-76 (Black)
Case,EVGA,DG-76 (White),,Y,150,50,28,35,1.0,,,RGB,Mid Tower,Y,Y,Y,,,,Y,,3,1,250.0,390,165,,Y,,,3,Mortoni Heat Away 120,,,,,,,,,0.0,21,129,Exclude,Prefabs/Cases/EVGA/EVGA_DG_76_White,EVGA DG-76 (White),EVGA DG-76 (White)
Case,EVGA,DG-77 (Black),,Y,160,53,28,55,1.0,,,RGB,Mid Tower,Y,Y,Y,,,,Y,,3,1,250.0,390,165,,Y,,,3,Mortoni Heat Away 120,,,,,,,,,0.0,21,139,Exclude,Prefabs/Cases/EVGA/EVGA_DG_77,EVGA DG-77 (Black),EVGA DG-77 (Black)
Case,EVGA,DG-77 (White),,Y,170,57,28,55,1.0,,,RGB,Mid Tower,Y,Y,Y,,,,Y,,3,1,250.0,390,165,,Y,,,3,Mortoni Heat Away 120,,,,,,,,,0.0,21,149,Exclude,Prefabs/Cases/EVGA/EVGA_DG_77_White,EVGA DG-77 (White),EVGA DG-77 (White)
Case,EVGA,DG-84 Full Tower,,Y,150,50,18,1,1.0,,,White,Full Tower,Y,Y,Y,Y,,,Y,,3,3,250.0,350,175,,Y,,,0,,,,,,,,,,0.0,0,150,Exclude,Prefabs/Cases/EVGA/EVGA_DG_84,EVGA DG-84 Full Tower,EVGA DG-84 Full Tower
Case,EVGA,DG-85 Full Tower,,Y,200,67,18,25,1.0,,,White,Full Tower,Y,Y,Y,Y,,,Y,,3,3,250.0,350,175,,Y,,,0,,,,,,,,,,0.0,0,200,Exclude,Prefabs/Cases/EVGA/EVGA_DG_85,EVGA DG-85 Full Tower,EVGA DG-85 Full Tower
Case,EVGA,DG-86 Full Tower,,Y,220,73,18,50,1.0,,,White,Full Tower,Y,Y,Y,Y,,,Y,,3,3,250.0,350,175,,Y,,,4,Mortoni Heat Away 140,,,,,,,,,0.0,28,192,Exclude,Prefabs/Cases/EVGA/EVGA_DG_86,EVGA DG-86 Full Tower,EVGA DG-86 Full Tower
Case,EVGA,DG-87 Full Tower,,Y,240,80,18,75,1.0,,,White,Full Tower,Y,Y,Y,Y,,,Y,,3,3,250.0,350,175,,Y,,,5,Mortoni Heat Away 140,,,,,,,,,0.0,35,205,Exclude,Prefabs/Cases/EVGA/EVGA_DG_87,EVGA DG-87 Full Tower,EVGA DG-87 Full Tower
Case,Fractal Design,Define 7 Black,,Y,180,60,33,1,1.12,PC,,,Mid Tower,Y,Y,Y,Y,,,Y,,3,3,250.0,491,185,,,,,3,Fractal Design Dynamic X2 GP-14 (Black),,,,,,,,,0.0,45,135,Exclude,v1_12_0/Prefabs/Cases/Fractal Design/CAS_Fractal_Design_Define_7_Black,Fractal Design Define 7 Black,Fractal Design Define 7 Black
Case,Fractal Design,Define 7 Clear TG Black,,Y,180,60,33,1,1.12,PC,,,Mid Tower,Y,Y,Y,Y,,,Y,,3,3,250.0,491,185,Y,,,,3,Fractal Design Dynamic X2 GP-14 (Black),,,,,,,,,0.0,45,135,Exclude,v1_12_0/Prefabs/Cases/Fractal Design/CAS_Fractal_Design_Define_7_Clear_Tempered_Glass_Black,Fractal Design Define 7 Clear TG Black,Fractal Design Define 7 Clear TG Black
Case,Fractal Design,Define 7 Clear TG White,,Y,180,60,33,1,1.12,PC,,,Mid Tower,Y,Y,Y,Y,,,Y,,3,3,250.0,491,185,Y,,,,3,Fractal Design Dynamic X2 GP-14 (White),,,,,,,,,0.0,45,135,,v1_12_0/Prefabs/Cases/Fractal Design/CAS_Fractal_Design_Define_7_Clear_Tempered_Glass_White,Fractal Design Define 7 Clear TG White,Fractal Design Define 7 Clear TG White
Case,Fractal Design,Define 7 Compact,,Y,100,33,33,40,1.13,PC,,,Mid Tower,Y,Y,Y,,,,Y,,3,2,200.0,360,169,,,,,1,Fractal Design Dynamic X2 GP-12 (Black),,1.0,Fractal Design Dynamic X2 GP-14 (Black),,,,,,0.0,28,72,Exclude,v1_13_0/Prefabs/Cases/FractalDesign/CAS_Fractal_Design_Define_7_Compact_MS,Fractal Design Define 7 Compact,Fractal Design Define 7 Compact
Case,Fractal Design,Define 7 Compact Dark TG Black,,Y,100,33,33,40,1.13,PC,,,Mid Tower,Y,Y,Y,,,,Y,,3,2,200.0,360,169,,,,,1,Fractal Design Dynamic X2 GP-12 (Black),,1.0,Fractal Design Dynamic X2 GP-14 (Black),,,,,,0.0,28,72,Exclude,v1_13_0/Prefabs/Cases/FractalDesign/CAS_Fractal_Design_Define_7_Compact_Dark_Tempered_Glass_Black_MS,Fractal Design Define 7 Compact Dark TG Black,Fractal Design Define 7 Compact Dark TG Black
Case,Fractal Design,Define 7 Compact Dark TG Black Grill,,Y,100,33,33,40,1.13,PC,,,Mid Tower,Y,Y,Y,,,,Y,,3,2,200.0,360,169,,,,,1,Fractal Design Dynamic X2 GP-12 (Black),,1.0,Fractal Design Dynamic X2 GP-14 (Black),,,,,,0.0,28,72,Exclude,v1_13_0/Prefabs/Cases/FractalDesign/CAS_Fractal_Design_Define_7_Compact_Dark_Tempered_Glass_Black_Grilled_MS,Fractal Design Define 7 Compact Dark TG Black Grill,Fractal Design Define 7 Compact Dark TG Black Grill
Case,Fractal Design,Define 7 Compact Grill,,Y,100,33,33,40,1.13,PC,,,Mid Tower,Y,Y,Y,,,,Y,,3,2,200.0,360,169,,,,,1,Fractal Design Dynamic X2 GP-12 (Black),,1.0,Fractal Design Dynamic X2 GP-14 (Black),,,,,,0.0,28,72,Exclude,v1_13_0/Prefabs/Cases/FractalDesign/CAS_Fractal_Design_Define_7_Compact_Grilled_MS,Fractal Design Define 7 Compact Grill,Fractal Design Define 7 Compact Grill
Case,Fractal Design,Define 7 Compact Light TG Black,,Y,110,37,33,40,1.13,PC,,,Mid Tower,Y,Y,Y,,,,Y,,3,2,200.0,360,169,Y,,,,1,Fractal Design Dynamic X2 GP-12 (Black),,1.0,Fractal Design Dynamic X2 GP-14 (Black),,,,,,0.0,28,82,Exclude,v1_13_0/Prefabs/Cases/FractalDesign/CAS_Fractal_Design_Define_7_Compact_Light_Tempered_Glass_Black,Fractal Design Define 7 Compact Light TG Black,Fractal Design Define 7 Compact Light TG Black
Case,Fractal Design,Define 7 Compact Light TG Black Grill,,Y,110,37,33,40,1.13,PC,,,Mid Tower,Y,Y,Y,,,,Y,,3,2,200.0,360,169,Y,,,,1,Fractal Design Dynamic X2 GP-12 (Black),,1.0,Fractal Design Dynamic X2 GP-14 (Black),,,,,,0.0,28,82,Exclude,v1_13_0/Prefabs/Cases/FractalDesign/CAS_Fractal_Design_Define_7_Compact_Light_Tempered_Glass_Black_Grilled_MS,Fractal Design Define 7 Compact Light TG Black Grill,Fractal Design Define 7 Compact Light TG Black Grill
Case,Fractal Design,Define 7 Compact Light TG White,,Y,110,37,33,40,1.13,PC,,,Mid Tower,Y,Y,Y,,,,Y,,3,2,200.0,360,169,Y,,,,1,Fractal Design Dynamic X2 GP-12 (White),,1.0,Fractal Design Dynamic X2 GP-14 (White),,,,,,0.0,28,82,Exclude,v1_13_0/Prefabs/Cases/FractalDesign/CAS_Fractal_Design_Define_7_Compact_Light_Tempered_Glass_White_MS,Fractal Design Define 7 Compact Light TG White,Fractal Design Define 7 Compact Light TG White
Case,Fractal Design,Define 7 Compact Light TG White Grill,,Y,110,37,33,40,1.13,PC,,,Mid Tower,Y,Y,Y,,,,Y,,3,2,200.0,360,169,Y,,,,1,Fractal Design Dynamic X2 GP-12 (White),,1.0,Fractal Design Dynamic X2 GP-14 (White),,,,,,0.0,28,82,Exclude,v1_13_0/Prefabs/Cases/FractalDesign/CAS_Fractal_Design_Define_7_Compact_Light_Tempered_Glass_White_Grilled_MS,Fractal Design Define 7 Compact Light TG White Grill,Fractal Design Define 7 Compact Light TG White Grill
Case,Fractal Design,Define 7 Compact White,,Y,100,33,33,40,1.13,PC,,,Mid Tower,Y,Y,Y,,,,Y,,3,2,200.0,360,169,,,,,1,Fractal Design Dynamic X2 GP-12 (White),,1.0,Fractal Design Dynamic X2 GP-14 (White),,,,,,0.0,28,72,Exclude,v1_13_0/Prefabs/Cases/FractalDesign/CAS_Fractal_Design_Define_7_Compact_White_MS,Fractal Design Define 7 Compact White,Fractal Design Define 7 Compact White
Case,Fractal Design,Define 7 Compact White Grill,,Y,100,33,33,40,1.13,PC,,,Mid Tower,Y,Y,Y,,,,Y,,3,2,200.0,360,169,,,,,1,Fractal Design Dynamic X2 GP-12 (White),,1.0,Fractal Design Dynamic X2 GP-14 (White),,,,,,0.0,28,72,Exclude,v1_13_0/Prefabs/Cases/FractalDesign/CAS_Fractal_Design_Define_7_Compact_Grilled_White_MS,Fractal Design Define 7 Compact White Grill,Fractal Design Define 7 Compact White Grill
Case,Fractal Design,Define 7 Dark TG Gray,,Y,180,60,33,1,1.12,PC,,,Mid Tower,Y,Y,Y,Y,,,Y,,3,3,250.0,491,185,,,,,3,Fractal Design Dynamic X2 GP-14 (Black),,,,,,,,,0.0,45,135,,v1_12_0/Prefabs/Cases/Fractal Design/CAS_Fractal_Design_Define_7_Dark_Tempered_Glass_Gray,Fractal Design Define 7 Dark TG Gray,Fractal Design Define 7 Dark TG Gray
Case,Fractal Design,Define 7 Gray,,Y,180,60,33,1,1.12,PC,,,Mid Tower,Y,Y,Y,Y,,,Y,,3,3,250.0,491,185,,,,,3,Fractal Design Dynamic X2 GP-14 (Black),,,,,,,,,0.0,45,135,,v1_12_0/Prefabs/Cases/Fractal Design/CAS_Fractal_Design_Define_7_Gray,Fractal Design Define 7 Gray,Fractal Design Define 7 Gray
Case,Fractal Design,Define 7 Light TG Black,,Y,180,60,33,1,1.12,PC,,,Mid Tower,Y,Y,Y,Y,,,Y,,3,3,250.0,491,185,,,,,3,Fractal Design Dynamic X2 GP-14 (Black),,,,,,,,,0.0,45,135,Exclude,v1_12_0/Prefabs/Cases/Fractal Design/CAS_Fractal_Design_Define_7_Light_Tempered_Glass_Black,Fractal Design Define 7 Light TG Black,Fractal Design Define 7 Light TG Black
Case,Fractal Design,Define 7 Light TG Gray,,Y,180,60,33,1,1.12,PC,,,Mid Tower,Y,Y,Y,Y,,,Y,,3,3,250.0,491,185,,,,,3,Fractal Design Dynamic X2 GP-14 (Black),,,,,,,,,0.0,45,135,Exclude,v1_12_0/Prefabs/Cases/Fractal Design/CAS_Fractal_Design_Define_7_Light_Tempered_Glass_Gray,Fractal Design Define 7 Light TG Gray,Fractal Design Define 7 Light TG Gray
Case,Fractal Design,Define 7 White,,Y,180,60,33,1,1.12,PC,,,Mid Tower,Y,Y,Y,Y,,,Y,,3,3,250.0,491,185,,,,,3,Fractal Design Dynamic X2 GP-14 (White),,,,,,,,,0.0,45,135,Exclude,v1_12_0/Prefabs/Cases/Fractal Design/CAS_Fractal_Design_Define_7_White,Fractal Design Define 7 White,Fractal Design Define 7 White
Case,Fractal Design,Define 7 XL,,Y,210,70,33,1,1.12,,,,Full Tower,Y,Y,Y,Y,Y,Y,Y,,4,3,250.0,549,185,,,,,3,Fractal Design Dynamic X2 GP-14 (Black),,,,,,,,,0.0,45,165,Exclude,v1_12_0/Prefabs/Cases/Fractal Design/CAS_Fractal_Design_Define_7_XL,Fractal Design Define 7 XL,Fractal Design Define 7 XL
Case,Fractal Design,Define 7 XL Dark TG,,Y,210,70,33,1,1.12,,,,Full Tower,Y,Y,Y,Y,Y,Y,Y,,4,3,250.0,549,185,Y,,,,3,Fractal Design Dynamic X2 GP-14 (Black),,,,,,,,,0.0,45,165,Exclude,v1_12_0/Prefabs/Cases/Fractal Design/CAS_Fractal_Design_Define_7_XL_Dark_Tempered_Glass_Black_MS,Fractal Design Define 7 XL Dark TG,Fractal Design Define 7 XL Dark TG
Case,Fractal Design,Define 7 XL Light TG,,Y,210,70,33,1,1.12,,,,Full Tower,Y,Y,Y,Y,Y,Y,Y,,4,3,250.0,549,185,,,,,3,Fractal Design Dynamic X2 GP-14 (Black),,,,,,,,,0.0,45,165,Exclude,v1_12_0/Prefabs/Cases/Fractal Design/CAS_Fractal_Design_Define_7_XL_Tempered_Glass_Black,Fractal Design Define 7 XL Light TG,Fractal Design Define 7 XL Light TG
Case,Fractal Design,Define R5 Black,,Y,110,37,19,1,1.0,,,,Mid Tower,Y,Y,Y,,,,Y,,3,2,300.0,440,180,,Y,,,2,Fractal Design Dynamic X2 GP-14,,,,,,,,310.0,0.0,30,80,,Prefabs/Cases/Fractal Design/FractalDesign_Define_R5,Fractal Design Define R5 Black,Fractal Design Define R5 Black
Case,Fractal Design,Define R5 Black - Window,,Y,110,37,19,1,1.0,,,,Mid Tower,Y,Y,Y,,,,Y,,3,2,300.0,440,180,,Y,,,2,Fractal Design Dynamic X2 GP-14,,,,,,,,310.0,0.0,30,80,Exclude,Prefabs/Cases/Fractal Design/FractalDesign_Define_R5_TG,Fractal Design Define R5 Black - Window,Fractal Design Define R5 Black - Window
Case,Fractal Design,Define R5 Blackout Edition,,Y,110,37,19,1,1.0,,,,Mid Tower,Y,Y,Y,,,,Y,,3,2,300.0,440,180,,Y,,,2,Fractal Design Dynamic X2 GP-14 (Black),,,,,,,,310.0,0.0,30,80,,Prefabs/Cases/Fractal Design/FractalDesign_Define_R5_Blackout,Fractal Design Define R5 Blackout Edition,Fractal Design Define R5 Blackout Edition
Case,Fractal Design,Define R5 Blackout Edition - Window,,Y,110,37,19,1,1.0,,,,Mid Tower,Y,Y,Y,,,,Y,,3,2,300.0,440,180,,Y,,,2,Fractal Design Dynamic X2 GP-14 (Black),,,,,,,,310.0,0.0,30,80,Exclude,Prefabs/Cases/Fractal Design/FractalDesign_Define_R5_Blackout_TG,Fractal Design Define R5 Blackout Edition - Window,Fractal Design Define R5 Blackout Edition - Window
Case,Fractal Design,Define R5 Titanium,,Y,110,37,19,10,1.0,,,,Mid Tower,Y,Y,Y,,,,Y,,3,2,300.0,440,180,,Y,,,2,Fractal Design Dynamic X2 GP-14,,,,,,,,310.0,0.0,30,80,,Prefabs/Cases/Fractal Design/FractalDesign_Define_R5_Titanium,Fractal Design Define R5 Titanium,Fractal Design Define R5 Titanium
Case,Fractal Design,Define R5 Titanium - Window,,Y,110,37,19,10,1.0,,,,Mid Tower,Y,Y,Y,,,,Y,,3,2,300.0,440,180,,Y,,,2,Fractal Design Dynamic X2 GP-14,,,,,,,,310.0,0.0,30,80,,Prefabs/Cases/Fractal Design/FractalDesign_Define_R5_Titanium_TG,Fractal Design Define R5 Titanium - Window,Fractal Design Define R5 Titanium - Window
Case,Fractal Design,Define R5 White,,Y,110,37,19,1,1.0,,,,Mid Tower,Y,Y,Y,,,,Y,,3,2,300.0,440,180,,Y,,,2,Fractal Design Dynamic X2 GP-14,,,,,,,,310.0,0.0,30,80,Exclude,Prefabs/Cases/Fractal Design/FractalDesign_Define_R5_White,Fractal Design Define R5 White,Fractal Design Define R5 White
Case,Fractal Design,Define R5 White - Window,,Y,110,37,19,1,1.0,,,,Mid Tower,Y,Y,Y,,,,Y,,3,2,300.0,440,180,,Y,,,2,Fractal Design Dynamic X2 GP-14,,,,,,,,310.0,0.0,30,80,Exclude,Prefabs/Cases/Fractal Design/FractalDesign_Define_R5_White_TG,Fractal Design Define R5 White - Window,Fractal Design Define R5 White - Window
Case,Fractal Design,Define R5 White & Gold Limited Edition - Window,,Y,110,37,19,50,1.0,,,,Mid Tower,Y,Y,Y,,,,Y,,3,2,300.0,440,180,,Y,,,2,Fractal Design Dynamic X2 GP-14,,,,,,,,310.0,0.0,30,80,Exclude,Prefabs/Cases/Fractal Design/FractalDesign_Define_R5_White_Gold,Fractal Design Define R5 White & Gold Limited Edition - Window,Fractal Design Define R5 White & Gold Limited Edition - Window
Case,Fractal Design,Define R6 Black,,Y,144,48,24,1,1.0,,,,Mid Tower,Y,Y,Y,Y,,,Y,,3,3,300.0,440,185,,,,,3,Fractal Design Dynamic X2 GP-14,,,,,,,,,0.0,45,99,Exclude,Prefabs/Cases/Fractal Design/FractalDesign_Define_R6,Fractal Design Define R6 Black,Fractal Design Define R6 Black
Case,Fractal Design,Define R6 Black TG,,Y,150,50,24,60,1.0,,,,Mid Tower,Y,Y,Y,Y,,,Y,,3,3,300.0,440,185,,,,,3,Fractal Design Dynamic X2 GP-14,,,,,,,,,0.0,45,105,,Prefabs/Cases/Fractal Design/FractalDesign_Define_R6_TG,Fractal Design Define R6 Black TG,Fractal Design Define R6 Black TG
Case,Fractal Design,Define R6 Blackout,,Y,147,49,25,1,1.0,,,,Mid Tower,Y,Y,Y,Y,,,Y,,3,3,300.0,440,185,,,,,3,Fractal Design Dynamic X2 GP-14 (Black),,,,,,,,,0.0,45,102,Exclude,Prefabs/Cases/Fractal Design/FractalDesign_Define_R6_Blackout,Fractal Design Define R6 Blackout,Fractal Design Define R6 Blackout
Case,Fractal Design,Define R6 Blackout TG,,Y,153,51,25,20,1.0,,,,Mid Tower,Y,Y,Y,Y,,,Y,,3,3,300.0,440,185,,,,,3,Fractal Design Dynamic X2 GP-14 (Black),,,,,,,,,0.0,45,108,Exclude,Prefabs/Cases/Fractal Design/FractalDesign_Define_R6_Blackout_TG,Fractal Design Define R6 Blackout TG,Fractal Design Define R6 Blackout TG
Case,Fractal Design,Define R6 Gunmetal,,Y,132,44,25,40,1.0,,,,Mid Tower,Y,Y,Y,Y,,,Y,,3,3,300.0,440,185,,,,,3,Fractal Design Dynamic X2 GP-14 (Black),,,,,,,,,0.0,45,87,Exclude,Prefabs/Cases/Fractal Design/FractalDesign_Define_R6_Gunmetal,Fractal Design Define R6 Gunmetal,Fractal Design Define R6 Gunmetal
Case,Fractal Design,Define R6 Gunmetal TG,,Y,143,48,25,60,1.0,,,,Mid Tower,Y,Y,Y,Y,,,Y,,3,3,300.0,440,185,,,,,3,Fractal Design Dynamic X2 GP-14 (Black),,,,,,,,,0.0,45,98,Exclude,Prefabs/Cases/Fractal Design/FractalDesign_Define_R6_Gunmetal_TG,Fractal Design Define R6 Gunmetal TG,Fractal Design Define R6 Gunmetal TG
Case,Fractal Design,Define R6 White,,Y,125,42,24,20,1.0,,,,Mid Tower,Y,Y,Y,Y,,,Y,,3,3,300.0,440,185,,,,,3,Fractal Design Dynamic X2 GP-14 (White),,,,,,,,,0.0,45,80,Exclude,Prefabs/Cases/Fractal Design/FractalDesign_Define_R6_White,Fractal Design Define R6 White,Fractal Design Define R6 White
Case,Fractal Design,Define R6 White TG,,Y,150,50,24,40,1.0,,,,Mid Tower,Y,Y,Y,Y,,,Y,,3,3,300.0,440,185,,,,,3,Fractal Design Dynamic X2 GP-14 (White),,,,,,,,,0.0,45,105,Exclude,Prefabs/Cases/Fractal Design/FractalDesign_Define_R6_White_TG,Fractal Design Define R6 White TG,Fractal Design Define R6 White TG
Case,Fractal Design,Focus G - Black,,Y,50,17,20,1,1.0,,,,Mid Tower,Y,Y,Y,,,,Y,,2,2,230.0,380,165,,Y,,,2,Fractal Design Dynamic X2 GP-12,,,,,,,,,0.0,26,24,,Prefabs/Cases/Fractal Design/FractalDesign_FocusG_Black,Fractal Design Focus G - Black,Fractal Design Focus G - Black
Case,Fractal Design,Focus G - Gunmetal Gray,,Y,60,20,20,15,1.0,,,,Mid Tower,Y,Y,Y,,,,Y,,2,2,230.0,380,165,,Y,,,2,Fractal Design Dynamic X2 GP-12,,,,,,,,,0.0,26,34,,Prefabs/Cases/Fractal Design/FractalDesign_FocusG_Grey,Fractal Design Focus G - Gunmetal Gray,Fractal Design Focus G - Gunmetal Gray
Case,Fractal Design,Focus G - Mystic Red,,Y,60,20,20,45,1.0,,,,Mid Tower,Y,Y,Y,,,,Y,,2,2,230.0,380,165,,Y,,,2,Fractal Design Dynamic X2 GP-12,,,,,,,,,0.0,26,34,,Prefabs/Cases/Fractal Design/FractalDesign_FocusG_Red,Fractal Design Focus G - Mystic Red,Fractal Design Focus G - Mystic Red
Case,Fractal Design,Focus G - Petrol Blue,,Y,60,20,20,30,1.0,,,,Mid Tower,Y,Y,Y,,,,Y,,2,2,230.0,380,165,,Y,,,2,Fractal Design Dynamic X2 GP-12,,,,,,,,,0.0,26,34,,Prefabs/Cases/Fractal Design/FractalDesign_FocusG_Blue,Fractal Design Focus G - Petrol Blue,Fractal Design Focus G - Petrol Blue
Case,Fractal Design,Focus G - White,,Y,50,17,20,1,1.0,,,,Mid Tower,Y,Y,Y,,,,Y,,2,2,230.0,380,165,,Y,,,2,Fractal Design Dynamic X2 GP-12,,,,,,,,,0.0,26,24,Exclude,Prefabs/Cases/Fractal Design/FractalDesign_FocusG,Fractal Design Focus G - White,Fractal Design Focus G - White
Case,Fractal Design,Fractal Menu,,,0,0,0,1,1.12,PC,,,Mid Tower,Y,Y,Y,Y,,,Y,,3,3,250.0,491,185,,,,,3,Fractal Design Dynamic X2 GP-14 (Black),,,,,,,,,0.0,45,-45,Exclude,v1_12_0/Prefabs/Cases/Fractal Design/MENU_CAS_Fractal_Design_Meshify_2_Clear_Tempered_Glass,Fractal Design Fractal Menu,Fractal Design Fractal Menu
Case,Fractal Design,Meshify 2,,Y,110,37,33,1,1.12,PC,,,Mid Tower,Y,Y,Y,Y,,,Y,,3,3,250.0,491,185,,,,,3,Fractal Design Dynamic X2 GP-14 (Black),,,,,,,,,0.0,45,65,Exclude,v1_12_0/Prefabs/Cases/Fractal Design/CAS_Fractal_Design_Meshify_2,Fractal Design Meshify 2,Fractal Design Meshify 2
Case,Fractal Design,Meshify 2 Clear TG,,Y,140,47,33,1,1.12,PC,,,Mid Tower,Y,Y,Y,Y,,,Y,,3,3,250.0,491,185,Y,,,,3,Fractal Design Dynamic X2 GP-14 (Black),,,,,,,,,0.0,45,95,Exclude,v1_12_0/Prefabs/Cases/Fractal Design/CAS_Fractal_Design_Meshify_2_Clear_Tempered_Glass,Fractal Design Meshify 2 Clear TG,Fractal Design Meshify 2 Clear TG
Case,Fractal Design,Meshify 2 Compact,,Y,140,47,33,1,1.12.1,PC,,,Mid Tower,Y,Y,Y,,,,Y,,3,3,165.0,360,169,,,,,2,Fractal Design Dynamic X2 GP-14 (Black),,1.0,Fractal Design Dynamic X2 GP-12 (Black),,,,,,0.0,43,97,Exclude,v1_12_0/Prefabs/Cases/Fractal Design/CAS_Fractal_Design_Meshify_2_Compact_MS,Fractal Design Meshify 2 Compact,Fractal Design Meshify 2 Compact
Case,Fractal Design,Meshify 2 Compact Clear TG White,,Y,140,47,33,1,1.12,PC,,,Mid Tower,Y,Y,Y,,,,Y,,3,3,165.0,360,169,,,,,2,Fractal Design Dynamic X2 GP-14 (Black),,1.0,Fractal Design Dynamic X2 GP-12 (Black),,,,,,0.0,43,97,Exclude,v1_12_0/Prefabs/Cases/Fractal Design/CAS_Fractal_Design_Meshify_2_Compact_Clear_Tempered_Glass_White,Fractal Design Meshify 2 Compact Clear TG White,Fractal Design Meshify 2 Compact Clear TG White
Case,Fractal Design,Meshify 2 Compact Dark TG Black,,Y,140,47,33,1,1.12.1,PC,,,Mid Tower,Y,Y,Y,,,,Y,,3,3,165.0,360,169,Y,,,,2,Fractal Design Dynamic X2 GP-14 (Black),,1.0,Fractal Design Dynamic X2 GP-12 (Black),,,,,,0.0,43,97,Exclude,v1_12_0/Prefabs/Cases/Fractal Design/CAS_Fractal_Design_Meshify_2_Compact_Dark_Tempered_Glass_Black_MS,Fractal Design Meshify 2 Compact Dark TG Black,Fractal Design Meshify 2 Compact Dark TG Black
Case,Fractal Design,Meshify 2 Compact Light TG Black,,Y,140,47,33,1,1.12.1,PC,,,Mid Tower,Y,Y,Y,,,,Y,,3,3,165.0,360,169,Y,,,,2,Fractal Design Dynamic X2 GP-14 (Black),,1.0,Fractal Design Dynamic X2 GP-12 (Black),,,,,,0.0,43,97,Exclude,v1_12_0/Prefabs/Cases/Fractal Design/CAS_Fractal_Design_Meshify_2_Compact_Light_Tempered_Glass_Black_MS,Fractal Design Meshify 2 Compact Light TG Black,Fractal Design Meshify 2 Compact Light TG Black
Case,Fractal Design,Meshify 2 Compact Light TG Grey,,Y,140,47,33,1,1.12.1,PC,,,Mid Tower,Y,Y,Y,,,,Y,,3,3,165.0,360,169,Y,,,,2,Fractal Design Dynamic X2 GP-14 (Black),,1.0,Fractal Design Dynamic X2 GP-12 (Black),,,,,,0.0,43,97,,v1_12_0/Prefabs/Cases/Fractal Design/CAS_Fractal_Design_Meshify_2_Compact_Light_Tempered_Glass_Grey_MS,Fractal Design Meshify 2 Compact Light TG Grey,Fractal Design Meshify 2 Compact Light TG Grey
Case,Fractal Design,Meshify 2 Dark TG,,Y,140,47,33,1,1.12,PC,,,Mid Tower,Y,Y,Y,Y,,,Y,,3,3,250.0,491,185,,,,,3,Fractal Design Dynamic X2 GP-14 (Black),,,,,,,,,0.0,45,95,Exclude,v1_12_0/Prefabs/Cases/Fractal Design/CAS_Fractal_Design_Meshify_2_Dark_Tempered_Glass,Fractal Design Meshify 2 Dark TG,Fractal Design Meshify 2 Dark TG
Case,Fractal Design,Meshify 2 Light TG,,Y,140,47,33,1,1.12,PC,,,Mid Tower,Y,Y,Y,Y,,,Y,,3,3,250.0,491,185,,,,,3,Fractal Design Dynamic X2 GP-14 (Black),,,,,,,,,0.0,45,95,Exclude,v1_12_0/Prefabs/Cases/Fractal Design/CAS_Fractal_Design_Meshify_2_Light_Tempered_Glass,Fractal Design Meshify 2 Light TG,Fractal Design Meshify 2 Light TG
Case,Fractal Design,Meshify 2 XL Dark TG,,Y,180,60,33,1,1.12,,,,Full Tower,Y,Y,Y,Y,Y,Y,Y,,4,3,250.0,549,185,,,,,3,Fractal Design Dynamic X2 GP-14 (Black),,,,,,,,,0.0,45,135,Exclude,v1_12_0/Prefabs/Cases/Fractal Design/CAS_Fractal_Design_Meshify_2_XL_Light_Tempered_Glass_Black_MS,Fractal Design Meshify 2 XL Dark TG,Fractal Design Meshify 2 XL Dark TG
Case,Fractal Design,Meshify 2 XL Light TG,,Y,180,60,33,1,1.12,,,,Full Tower,Y,Y,Y,Y,Y,Y,Y,,4,3,250.0,549,185,Y,,,,3,Fractal Design Dynamic X2 GP-14 (Black),,,,,,,,,0.0,45,135,Exclude,v1_12_0/Prefabs/Cases/Fractal Design/CAS_Fractal_Design_Meshify_2_XL_Light_Tempered_Glass_Black,Fractal Design Meshify 2 XL Light TG,Fractal Design Meshify 2 XL Light TG
Case,Fractal Design,Meshify C,,Y,68,23,22,1,1.0,,,,Mid Tower,Y,Y,Y,,,,Y,,3,2,175.0,315,170,,Y,,,2,Fractal Design Dynamic X2 GP-12 (Black),,,,,,,,,0.0,26,42,Exclude,Prefabs/Cases/Fractal Design/FractalDesign_Meshify_C,Fractal Design Meshify C,Fractal Design Meshify C
Case,Fractal Design,Meshify C – Dark TG,,Y,90,30,22,40,1.0,,,,Mid Tower,Y,Y,Y,,,,Y,,3,2,175.0,315,170,,Y,,,2,Fractal Design Dynamic X2 GP-12 (Black),,,,,,,,,0.0,26,64,Exclude,Prefabs/Cases/Fractal Design/FractalDesign_Meshify_C_Dark_TG,Fractal Design Meshify C – Dark TG,Fractal Design Meshify C – Dark TG
Case,Fractal Design,Meshify C – TG,,Y,90,30,22,20,1.0,,,,Mid Tower,Y,Y,Y,,,,Y,,3,2,175.0,315,170,,Y,,,2,Fractal Design Dynamic X2 GP-12 (Black),,,,,,,,,0.0,26,64,Exclude,Prefabs/Cases/Fractal Design/FractalDesign_Meshify_C_TG,Fractal Design Meshify C – TG,Fractal Design Meshify C – TG
Case,Fractal Design,Meshify C White - TG,,Y,90,30,22,60,1.0,,,,Mid Tower,Y,Y,Y,,,,Y,,3,2,175.0,315,170,,Y,,,2,Fractal Design Dynamic X2 GP-12 (Black),,,,,,,,,0.0,26,64,Exclude,Prefabs/Cases/Fractal Design/FractalDesign_Meshify_C_White_TG,Fractal Design Meshify C White - TG,Fractal Design Meshify C White - TG
Case,Fractal Design,Node 202,,Y,85,28,29,80,1.0,,,,Micro,Y,,,,,,,Y,0,0,130.0,310,56,,,,,0,,,,,,,,,,0.0,0,85,,Prefabs/Cases/Fractal Design/FractalDesign_NODE202,Fractal Design Node 202,Fractal Design Node 202
Case,Fractal Design,Vector RS Dark TG,,Y,180,60,21,80,1.8,PC,,RGB,Mid Tower,Y,Y,Y,Y,,,Y,,3,3,300.0,440,185,Y,,,,0,,,,,,,,,,0.0,0,180,,v1_8_0/Prefabs/Cases/Fractal Design/CAS_FractalDesign_Vector_RS_Dark,Fractal Design Vector RS Dark TG,Fractal Design Vector RS Dark TG
Case,Fractal Design,Vector RS Dark TG (Glass Lid),,Y,180,60,21,80,1.8,PC,,RGB,Mid Tower,Y,Y,Y,Y,,,Y,,3,3,300.0,440,185,,,,,0,,,,,,,,,,0.0,0,180,,v1_8_0/Prefabs/Cases/Fractal Design/CAS_FractalDesign_Vector_RS_Dark_Glass,Fractal Design Vector RS Dark TG (Glass Lid),Fractal Design Vector RS Dark TG (Glass Lid)
Case,Fractal Design,Vector RS TG,,Y,180,60,21,80,1.8,PC,,RGB,Mid Tower,Y,Y,Y,Y,,,Y,,3,3,300.0,440,185,Y,,,,0,,,,,,,,,,0.0,0,180,Exclude,v1_8_0/Prefabs/Cases/Fractal Design/CAS_FractalDesign_Vector_RS,Fractal Design Vector RS TG,Fractal Design Vector RS TG
Case,Fractal Design,Vector RS TG (Glass Lid),,Y,180,60,21,80,1.8,PC,,RGB,Mid Tower,Y,Y,Y,Y,,,Y,,3,3,300.0,440,185,,,,,0,,,,,,,,,,0.0,0,180,Exclude,v1_8_0/Prefabs/Cases/Fractal Design/CAS_FractalDesign_Vector_RS_Glass,Fractal Design Vector RS TG (Glass Lid),Fractal Design Vector RS TG (Glass Lid)
Case,FSP,CMT340,,Y,100,33,14,30,1.4,PC,,,Mid Tower,Y,Y,Y,,,,Y,,3,1,170.0,350,160,,Y,,,4,FSP CMT510,,,,,,,,,0.0,60,40,Exclude,Prefabs/Cases/FSP/CAS_FSP_CMT340,FSP CMT340,FSP CMT340
Case,FSP,CMT510 Plus,,Y,130,43,14,30,1.4,PC,,,Mid Tower,Y,Y,Y,,,,Y,,3,2,311.0,400,165,,Y,,,4,FSP CMT510,,,,,,,,,0.0,60,70,,Prefabs/Cases/FSP/CAS_FSP_CMT510,FSP CMT510 Plus,FSP CMT510 Plus
Case,FSP,CMT520 Plus,,Y,130,43,14,30,1.4,PC,,,Mid Tower,Y,Y,Y,Y,,,Y,,3,3,200.0,423,163,,Y,,,4,FSP CMT520,,,,,,,,,0.0,60,70,,Prefabs/Cases/FSP/CAS_FSP_CMT520,FSP CMT520 Plus,FSP CMT520 Plus
Case,GamerStorm,Genome ROG Certified Edition,,Y,280,93,28,60,1.0,,,RGB,Mid Tower,Y,Y,Y,Y,,,Y,,3,2,200.0,330,170,,Y,,,1,Mortoni Heat Away 120,,,,,,,,,0.0,7,273,Exclude,Prefabs/Cases/Deepcool/CAS_Deepcool_GenomeIIROG_Edition,GamerStorm Genome ROG Certified Edition,GamerStorm Genome ROG Certified Edition
Case,GamerStorm,NEW ARK 90,,Y,300,100,28,70,1.0,,,RGB,Mid Tower,Y,Y,Y,Y,,,Y,,3,3,200.0,400,186,,Y,,,4,Deepcool RF 140,,,,,,,,,0.0,100,200,,Prefabs/Cases/Deepcool/Deepcool_NewArk_90,GamerStorm NEW ARK 90,GamerStorm NEW ARK 90
Case,GamerStorm,Quadstellar,,Y,400,133,30,70,1.0,,,RGB,Mid Tower,Y,Y,Y,Y,,,Y,,2,0,300.0,380,110,,Y,,,5,Mortoni Heat Away 120,,,,,,,,,0.0,35,365,Exclude,Prefabs/Cases/Deepcool/DeepCool_Quadstellar,GamerStorm Quadstellar,GamerStorm Quadstellar
Case,GamerStorm,Quadstellar Electro Limited Edition,,Y,450,150,30,90,1.0,,,RGB,Mid Tower,Y,Y,Y,Y,,,Y,,2,0,300.0,380,110,,Y,,,5,Mortoni Heat Away 120,,,,,,,,,0.0,35,415,,Prefabs/Cases/Deepcool/DeepCool_Quadstellar_Electro,GamerStorm Quadstellar Electro Limited Edition,GamerStorm Quadstellar Electro Limited Edition
Case,GamerStorm,TRISTELLAR SW,,Y,500,167,30,50,1.0,,,,Micro,Y,,,,,,Y,,1,0,160.0,320,80,,,,,1,Mortoni Heat Away 90,,,,,,,,,0.0,5,495,,Prefabs/Cases/Deepcool/DeepCool_Tristellar,GamerStorm TRISTELLAR SW,GamerStorm TRISTELLAR SW
Case,InWin,303-MSI Dragon Edition,,Y,160,53,15,40,1.0,,,RGB,Mid Tower,Y,Y,Y,,,,Y,,3,0,180.0,350,160,,Y,,,0,,,,,,,,,,0.0,0,160,Exclude,Prefabs/Cases/InWin/InWin_303_MSI_Edition,InWin 303-MSI Dragon Edition,InWin 303-MSI Dragon Edition
Case,InWin,309,,Y,470,157,25,1,1.8,PC,,RGB,Mid Tower,Y,Y,Y,,,,Y,,3,0,200.0,350,160,Y,Y,,,4,InWin EGO AE120,,,,,,,,,0.0,120,350,Exclude,v1_8_0/Prefabs/Cases/InWin/CAS_InWin_309,InWin 309,InWin 309
Case,InWin,925,,Y,500,167,32,1,1.13,PC,,RGB,Full Tower,Y,Y,Y,Y,Y,,Y,,3,3,300.0,512,170,Y,Y,,,0,,,,,,,,,,0.0,0,500,Exclude,v1_13_0/Prefabs/Cases/InWin/CAS_InWin_925,InWin 925,InWin 925
Case,InWin,A1 (Black),,Y,200,67,6,60,1.2,,,RGB,Cube,Y,,,,,,Y,,1,0,140.0,320,160,,,,,0,,,,,,,,,,0.0,0,200,Exclude,Prefabs/Cases/InWin/CAS_InWin_A1_Black,InWin A1 (Black),InWin A1 (Black)
Case,InWin,A1 (White),,Y,200,67,6,60,1.2,,,RGB,Cube,Y,,,,,,Y,,1,0,140.0,320,160,,,,,0,,,,,,,,,,0.0,0,200,Exclude,Prefabs/Cases/InWin/CAS_InWin_A1,InWin A1 (White),InWin A1 (White)
Case,Kolink,Big Chungus,,Y,220,73,12,80,1.7,PC,,,Full Tower,Y,Y,Y,Y,,,Y,,4,0,220.0,335,175,Y,Y,,,5,Mortoni Heat Away RGB 120,,,,,,,,,0.0,50,170,,v1_7_0/Prefabs/Cases/Kolink/CAS_Kolink_Big_Chungus,Kolink Big Chungus,Kolink Big Chungus
Case,Kolink,Ethereal,,Y,60,20,12,20,1.7,PC,,RGB,Mid Tower,Y,Y,Y,Y,,,Y,,2,2,200.0,380,160,,Y,,,1,Kolink Fan 120,,,,,,,,,0.0,11,49,Exclude,v1_7_0/Prefabs/Cases/Kolink/CAS_Kolink_Ethereal,Kolink Ethereal,Kolink Ethereal
Case,Kolink,Observatory (Black),,Y,70,23,12,20,1.7,PC,,RGB,Mid Tower,Y,Y,Y,Y,,,Y,,2,2,200.0,380,160,,Y,,,4,Mortoni Heat Away Pro RGB 120,,,,,,,,,0.0,48,22,Exclude,v1_7_0/Prefabs/Cases/Kolink/CAS_Kolink_Observatory_Black,Kolink Observatory (Black),Kolink Observatory (Black)
Case,Kolink,Observatory (White),,Y,70,23,12,20,1.7,PC,,RGB,Mid Tower,Y,Y,Y,Y,,,Y,,2,2,200.0,380,160,,Y,,,4,Mortoni Heat Away Pro RGB 120,,,,,,,,,0.0,48,22,Exclude,v1_7_0/Prefabs/Cases/Kolink/CAS_Kolink_Observatory_White,Kolink Observatory (White),Kolink Observatory (White)
Case,Kolink,Stronghold (Black),,Y,45,15,12,20,1.7,PC,,,Mid Tower,Y,Y,Y,Y,,,Y,,2,2,200.0,380,160,,Y,,,2,Kolink Fan 120,,,,,,,,,0.0,22,23,,v1_7_0/Prefabs/Cases/Kolink/CAS_Kolink_Stronghold_Black,Kolink Stronghold (Black),Kolink Stronghold (Black)
Case,Kolink,Stronghold (White),,Y,45,15,12,20,1.7,PC,,,Mid Tower,Y,Y,Y,Y,,,Y,,2,2,200.0,380,160,,Y,,,2,Kolink Fan 120,,,,,,,,,0.0,22,23,,v1_7_0/Prefabs/Cases/Kolink/CAS_Kolink_Stronghold_White,Kolink Stronghold (White),Kolink Stronghold (White)
Case,Lian Li,LANCOOL ONE Digital (Gold),,Y,100,33,9,30,1.4,PC,,RGB,Mid Tower,Y,Y,Y,Y,,,Y,,3,2,224.0,420,175,,Y,,,2,Mortoni Heat Away 120,,,,,,,,,0.0,14,86,Exclude,Prefabs/Cases/LianLi/CAS_LianLi_Lancool_One_Digital_Gold,Lian Li LANCOOL ONE Digital (Gold),Lian Li LANCOOL ONE Digital (Gold)
Case,Lian Li,LANCOOL ONE Digital (White),,Y,100,33,9,30,1.4,PC,,RGB,Mid Tower,Y,Y,Y,Y,,,Y,,3,2,224.0,420,175,,Y,,,2,Mortoni Heat Away 120,,,,,,,,,0.0,14,86,Exclude,Prefabs/Cases/LianLi/CAS_LianLi_Lancool_One_Digital,Lian Li LANCOOL ONE Digital (White),Lian Li LANCOOL ONE Digital (White)
Case,Lian Li,O11D XL-S,,Y,200,67,14,1,1.7,PC,,RGB,Mid Tower,Y,Y,Y,Y,,,Y,,3,2,280.0,446,167,,Y,,,0,,,,,,,,,,0.0,0,200,,v1_7_0/Prefabs/Cases/LianLi/CAS_LianLi_o11_Dynamic_XL_Silver,Lian Li O11D XL-S,Lian Li O11D XL-S
Case,Lian Li,O11D XL-W,,Y,200,67,14,1,1.7,PC,,RGB,Mid Tower,Y,Y,Y,Y,,,Y,,3,2,280.0,446,167,,Y,,,0,,,,,,,,,,0.0,0,200,Exclude,v1_7_0/Prefabs/Cases/LianLi/CAS_LianLi_o11_Dynamic_XL_White,Lian Li O11D XL-W,Lian Li O11D XL-W
Case,Lian Li,O11D XL-X,,Y,200,67,14,1,1.7,PC,,RGB,Mid Tower,Y,Y,Y,Y,,,Y,,3,2,280.0,446,167,,Y,,,0,,,,,,,,,,0.0,0,200,Exclude,v1_7_0/Prefabs/Cases/LianLi/CAS_LianLi_o11_Dynamic_XL_Black,Lian Li O11D XL-X,Lian Li O11D XL-X
Case,Lian Li,PC-O11 Dynamic,,Y,160,53,9,60,1.4,PC,,RGB,Mid Tower,Y,Y,Y,Y,,,Y,,3,0,210.0,420,155,Y,Y,,,0,,,,,,,,,,0.0,0,160,Exclude,Prefabs/Cases/LianLi/CAS_LianLi_o11_Dynamic_Razer,Lian Li PC-O11 Dynamic,Lian Li PC-O11 Dynamic
Case,Lian Li,TU150 (Black + Window),,Y,110,37,28,65,1.6,PC,,,Cube,Y,,,,,,,Y,1,0,140.0,320,165,Y,Y,,,0,,,,,,,,,,0.0,0,110,Exclude,Prefabs/Cases/LianLi/CAS_LianLi_TU150_Black_Window,Lian Li TU150 (Black + Window),Lian Li TU150 (Black + Window)
Case,Lian Li,TU150 (Black),,Y,110,37,28,65,1.6,PC,,,Cube,Y,,,,,,,Y,1,0,140.0,320,165,Y,Y,,,0,,,,,,,,,,0.0,0,110,Exclude,Prefabs/Cases/LianLi/CAS_LianLi_TU150_Black,Lian Li TU150 (Black),Lian Li TU150 (Black)
Case,Lian Li,TU150 (Silver + Window),,Y,110,37,28,65,1.6,PC,,,Cube,Y,,,,,,,Y,1,0,140.0,320,165,Y,Y,,,0,,,,,,,,,,0.0,0,110,Exclude,Prefabs/Cases/LianLi/CAS_LianLi_TU150_Silver_Window,Lian Li TU150 (Silver + Window),Lian Li TU150 (Silver + Window)
Case,Lian Li,TU150 (Silver),,Y,110,37,28,65,1.6,PC,,,Cube,Y,,,,,,,Y,1,0,140.0,320,165,Y,Y,,,0,,,,,,,,,,0.0,0,110,Exclude,Prefabs/Cases/LianLi/CAS_LianLi_TU150_Silver,Lian Li TU150 (Silver),Lian Li TU150 (Silver)
Case,MSI,MPG Gungnir 100,,Y,130,43,6,40,1.2,,,RGB,Mid Tower,Y,Y,Y,Y,,,Y,,3,3,200.0,400,170,,Y,,,1,CORSAIR SP120 RGB LED,,3.0,Mortoni Heat Away 120,,,,,,0.0,56,74,Exclude,Prefabs/Cases/MSI/CAS_MSI_Gungnir100,MSI MPG Gungnir 100,MSI MPG Gungnir 100
Case,MSI,MPG Gungnir 110R,,Y,110,37,8,80,1.10.5,PC,,RGB,Mid Tower,Y,Y,Y,,,,Y,,3,3,180.0,340,190,,Y,,,3,MSI 120mm ARGB (Silver Logo),,1.0,MSI 120mm ARGB (Black Logo),,,,,,0.0,80,30,,v1_10_0/Prefabs/Cases/MSI/CAS_MSI_MPG_GUNGNIR_110R,MSI MPG Gungnir 110R,MSI MPG Gungnir 110R
Case,MSI,MPG MAG Vampiric 010,,Y,50,17,8,40,1.7,PC,,RGB,Mid Tower,Y,Y,Y,Y,,,Y,,3,3,200.0,400,170,,Y,,,0,,,,,,,,,,0.0,0,50,Exclude,v1_7_0/Prefabs/Cases/MSI/CAS_MSI_MAG_Vampiric_010,MSI MPG MAG Vampiric 010,MSI MPG MAG Vampiric 010
Case,MSI,MPG SEKIRA 500G,,Y,190,63,8,60,1.7,PC,,RGB,Mid Tower,Y,Y,Y,Y,,,Y,,3,2,200.0,400,170,,Y,,,1,MSI 120mm,,2.0,MSI 200mm,,,,,,0.0,120,70,Exclude,v1_7_0/Prefabs/Cases/MSI/CAS_MSI_MPG_Sekira_500_G,MSI MPG SEKIRA 500G,MSI MPG SEKIRA 500G
Case,MSI,MPG SEKIRA 500P,,Y,180,60,8,60,1.7,PC,,RGB,Mid Tower,Y,Y,Y,Y,,,Y,,3,2,200.0,400,170,,Y,,,4,MSI 120mm,,,,,,,,,0.0,160,20,Exclude,v1_7_0/Prefabs/Cases/MSI/CAS_MSI_MPG_Sekira_500_P,MSI MPG SEKIRA 500P,MSI MPG SEKIRA 500P
Case,MSI,MPG SEKIRA 500X,,Y,220,73,8,60,1.7,PC,,RGB,Mid Tower,Y,Y,Y,Y,,,Y,,3,2,200.0,400,170,,Y,,,1,MSI 120mm RGB,,3.0,MSI MAG MAX F20A-1,,1.0,MSI 200mm,,,0.0,200,20,Exclude,v1_7_0/Prefabs/Cases/MSI/CAS_MSI_MPG_Sekira_500_X,MSI MPG SEKIRA 500X,MSI MPG SEKIRA 500X
Case,NZXT,H200 (Black + Blue),,Y,90,30,29,30,1.0,,,,Micro,Y,,,,,,Y,Y,2,0,311.0,325,165,,,,,2,NZXT Aer P 120mm (Black),,,,,,,,,0.0,34,56,Exclude,Prefabs/Cases/NZXT/CAS_NZXT_H200i_Blue,NZXT H200 (Black + Blue),NZXT H200 (Black + Blue)
Case,NZXT,H200 (Black + Red),,Y,90,30,29,60,1.0,,,,Micro,Y,,,,,,Y,Y,2,0,311.0,325,165,,,,,2,NZXT Aer P 120mm (Black),,,,,,,,,0.0,34,56,Exclude,Prefabs/Cases/NZXT/CAS_NZXT_H200i_Red,NZXT H200 (Black + Red),NZXT H200 (Black + Red)
Case,NZXT,H200 (Black),,Y,90,30,29,1,1.0,,,,Micro,Y,,,,,,Y,Y,2,0,311.0,325,165,,,,,2,NZXT Aer P 120mm (Black),,,,,,,,,0.0,34,56,Exclude,Prefabs/Cases/NZXT/CAS_NZXT_H200i_Black,NZXT H200 (Black),NZXT H200 (Black)
Case,NZXT,H200 (White),,Y,90,30,29,1,1.0,,,,Micro,Y,,,,,,Y,Y,2,0,311.0,325,165,,,,,2,NZXT Aer P 120mm (Black),,,,,,,,,0.0,34,56,Exclude,Prefabs/Cases/NZXT/CAS_NZXT_H200i_White,NZXT H200 (White),NZXT H200 (White)
Case,NZXT,H210i (Black + Red),,Y,120,40,20,1,1.5,,,RGB,Micro,Y,,,,,,Y,,2,0,311.0,325,165,,,,,2,NZXT Aer P 120mm (Black),,,,,,,,,0.0,34,86,Exclude,Prefabs/Cases/NZXT/CAS_NZXT_H210I,NZXT H210i (Black + Red),NZXT H210i (Black + Red)
Case,NZXT,H210i (Black + White),,Y,120,40,20,1,1.5,,,RGB,Micro,Y,,,,,,Y,,2,0,311.0,325,165,,,,,2,NZXT Aer P 120mm (Black),,,,,,,,,0.0,34,86,Exclude,Prefabs/Cases/NZXT/CAS_NZXT_H210I_White,NZXT H210i (Black + White),NZXT H210i (Black + White)
Case,NZXT,H210i (Black),,Y,120,40,20,1,1.5,,,RGB,Micro,Y,,,,,,Y,,2,0,311.0,325,165,,,,,2,NZXT Aer P 120mm (Black),,,,,,,,,0.0,34,86,,Prefabs/Cases/NZXT/CAS_NZXT_H210I_Black,NZXT H210i (Black),NZXT H210i (Black)
Case,NZXT,H400 (Black + Blue),,Y,110,37,29,30,1.0,,,,Micro,Y,Y,,,,,Y,,2,2,300.0,411,164,,Y,,,3,NZXT Aer P 120mm (Black),,,,,,,,,0.0,51,59,Exclude,Prefabs/Cases/NZXT/NZXT_H400i (Black_Blue),NZXT H400 (Black + Blue),NZXT H400 (Black + Blue)
Case,NZXT,H400 (Black + Red),,Y,110,37,29,60,1.0,,,,Micro,Y,Y,,,,,Y,,2,2,300.0,411,164,,Y,,,3,NZXT Aer P 120mm (Black),,,,,,,,,0.0,51,59,Exclude,Prefabs/Cases/NZXT/NZXT_H400i (Black_Red),NZXT H400 (Black + Red),NZXT H400 (Black + Red)
Case,NZXT,H400 (Black),,Y,110,37,29,1,1.0,,,,Micro,Y,Y,,,,,Y,,2,2,300.0,411,164,,Y,,,3,NZXT Aer P 120mm (Black),,,,,,,,,0.0,51,59,Exclude,Prefabs/Cases/NZXT/NZXT_H400i,NZXT H400 (Black),NZXT H400 (Black)
Case,NZXT,H400 (White),,Y,110,37,29,1,1.0,,,,Micro,Y,Y,,,,,Y,,2,2,300.0,411,164,,Y,,,3,NZXT Aer P 120mm (Black),,,,,,,,,0.0,51,59,Exclude,Prefabs/Cases/NZXT/NZXT_H400i (White_Black),NZXT H400 (White),NZXT H400 (White)
Case,NZXT,H440 - Designed by Razer,,Y,200,67,11,60,1.0,,,Green,Mid Tower,Y,Y,Y,,,,Y,,3,2,250.0,406,180,,Y,,,3,Mortoni Heat Away 120,,1.0,Mortoni Heat Away 140,,,,,294.0,0.0,28,172,Exclude,Prefabs/Cases/NZXT/NZXT_H440_Razer,NZXT H440 - Designed by Razer,NZXT H440 - Designed by Razer
Case,NZXT,H440 (Black + Blue),,Y,120,40,10,20,1.0,,,RGB,Mid Tower,Y,Y,Y,,,,Y,,3,2,250.0,428,180,,Y,,,1,Mortoni Heat Away 140,,3.0,Mortoni Heat Away 120,,,,,294.0,0.0,28,92,Exclude,Prefabs/Cases/NZXT/NZXT_440h_Black_Blue,NZXT H440 (Black + Blue),NZXT H440 (Black + Blue)
Case,NZXT,H440 (Black + Green),,Y,120,40,10,80,1.0,,,RGB,Mid Tower,Y,Y,Y,,,,Y,,3,2,250.0,428,180,,Y,,,1,Mortoni Heat Away 140,,3.0,Mortoni Heat Away 120,,,,,294.0,0.0,28,92,Exclude,Prefabs/Cases/NZXT/NZXT_440h_Black_Green,NZXT H440 (Black + Green),NZXT H440 (Black + Green)
Case,NZXT,H440 (Black + Orange),,Y,120,40,10,60,1.0,,,RGB,Mid Tower,Y,Y,Y,,,,Y,,3,2,250.0,428,180,,Y,,,1,Mortoni Heat Away 140,,3.0,Mortoni Heat Away 120,,,,,294.0,0.0,28,92,Exclude,Prefabs/Cases/NZXT/NZXT_440h_Black_Orange,NZXT H440 (Black + Orange),NZXT H440 (Black + Orange)
Case,NZXT,H440 (Black + Red),,Y,120,40,10,40,1.0,,,RGB,Mid Tower,Y,Y,Y,,,,Y,,3,2,250.0,428,180,,Y,,,1,Mortoni Heat Away 140,,3.0,Mortoni Heat Away 120,,,,,294.0,0.0,28,92,Exclude,Prefabs/Cases/NZXT/NZXT_440h_Black_Red,NZXT H440 (Black + Red),NZXT H440 (Black + Red)
Case,NZXT,H440 (Black),,Y,120,40,10,1,1.0,,,RGB,Mid Tower,Y,Y,Y,,,,Y,,3,2,250.0,428,180,,Y,,,1,Mortoni Heat Away 140,,3.0,Mortoni Heat Away 120,,,,,294.0,0.0,28,92,Exclude,Prefabs/Cases/NZXT/NZXT_440h_Black,NZXT H440 (Black),NZXT H440 (Black)
Case,NZXT,H440 (PC Building Simulator Limited Edition),,Y,180,60,11,90,1.0,,,RGB,Mid Tower,Y,Y,Y,,,,Y,,3,2,250.0,428,180,,Y,,,1,Mortoni Heat Away 140,,3.0,Mortoni Heat Away 120,,,,,294.0,0.0,28,152,Exclude,Prefabs/Cases/NZXT/NZXT_440h_PCBS,NZXT H440 (PC Building Simulator Limited Edition),NZXT H440 (PC Building Simulator Limited Edition)
Case,NZXT,H440 (White + Purple),,Y,120,40,11,1,1.0,,,RGB,Mid Tower,Y,Y,Y,,,,Y,,3,2,250.0,428,180,,Y,,,1,Mortoni Heat Away 140,,3.0,Mortoni Heat Away 120,,,,,294.0,0.0,28,92,Exclude,Prefabs/Cases/NZXT/NZXT_440h_White_Purple,NZXT H440 (White + Purple),NZXT H440 (White + Purple)
Case,NZXT,H440 (White),,Y,120,40,10,1,1.0,,,RGB,Mid Tower,Y,Y,Y,,,,Y,,3,2,250.0,428,180,,Y,,,1,Mortoni Heat Away 140,,3.0,Mortoni Heat Away 120,,,,,294.0,0.0,28,92,Exclude,Prefabs/Cases/NZXT/NZXT_440h,NZXT H440 (White),NZXT H440 (White)
Case,NZXT,H440 Hyper Beast,,Y,200,67,11,30,1.0,,,RGB,Mid Tower,Y,Y,Y,,,,Y,,3,2,250.0,428,180,,Y,,,1,Mortoni Heat Away 140,,3.0,Mortoni Heat Away 120,,,,,294.0,0.0,28,172,Exclude,Prefabs/Cases/NZXT/NZXT_H440_HyperBeast_Elite,NZXT H440 Hyper Beast,NZXT H440 Hyper Beast
Case,NZXT,H500 - Re-Animator,,Y,200,67,26,90,1.0,,Y,,Mid Tower,Y,Y,Y,,,,Y,,2,2,,381,165,,Y,e2d9600e8fa34c418a98942e176118c0,,2,NZXT Aer P 120mm (Black),,,,,,,,,0.0,34,166,Exclude,Prefabs/Cases/NZXT/NZXT_H500_CollectorsEdition,NZXT H500 - Re-Animator,NZXT H500 - Re-Animator
Case,NZXT,H500 - Split,,Y,200,67,26,90,1.2,,Y,,Mid Tower,Y,Y,Y,,,,Y,,2,2,,381,165,,Y,e2d9600e8fa34c418a98942e176118c0,,2,NZXT Aer P 120mm (Black),,,,,,,,,0.0,34,166,Exclude,Prefabs/Cases/NZXT/NZXT_H500_CollectorsEdition_Split,NZXT H500 - Split,NZXT H500 - Split
Case,NZXT,H500 (Black + Blue),,Y,100,33,26,80,1.0,,,,Mid Tower,Y,Y,Y,,,,Y,,2,2,,381,165,,Y,,,2,NZXT Aer P 120mm (Black),,,,,,,,,0.0,34,66,Exclude,Prefabs/Cases/NZXT/NZXT_H500_Blue,NZXT H500 (Black + Blue),NZXT H500 (Black + Blue)
Case,NZXT,H500 (Black + Red),,Y,100,33,26,60,1.0,,,,Mid Tower,Y,Y,Y,,,,Y,,2,2,,381,165,,Y,,,2,NZXT Aer P 120mm (Black),,,,,,,,,0.0,34,66,Exclude,Prefabs/Cases/NZXT/NZXT_H500_Red,NZXT H500 (Black + Red),NZXT H500 (Black + Red)
Case,NZXT,H500 (Black),,Y,100,33,26,1,1.0,,,,Mid Tower,Y,Y,Y,,,,Y,,2,2,,381,165,,Y,,,2,NZXT Aer P 120mm (Black),,,,,,,,,0.0,34,66,Exclude,Prefabs/Cases/NZXT/NZXT_H500_Black,NZXT H500 (Black),NZXT H500 (Black)
Case,NZXT,H500 (White),,Y,100,33,26,30,1.0,,,,Mid Tower,Y,Y,Y,,,,Y,,2,2,,381,165,,Y,,,2,NZXT Aer P 120mm (Black),,,,,,,,,0.0,34,66,Exclude,Prefabs/Cases/NZXT/NZXT_H500_White,NZXT H500 (White),NZXT H500 (White)
Case,NZXT,H510 Elite (Black + White),,Y,170,57,20,25,1.5,PC,,RGB,Mid Tower,Y,Y,Y,,,,Y,,2,2,311.0,368,165,,Y,,,1,NZXT Aer P 120mm (Black),,1.0,NZXT Aer P 140mm (Black),,2.0,NZXT Aer P 140mm (White),,,0.0,68,102,Exclude,Prefabs/Cases/NZXT/CAS_NZXT_H510_Elite_White,NZXT H510 Elite (Black + White),NZXT H510 Elite (Black + White)
Case,NZXT,H510 Elite (Black),,Y,170,57,20,25,1.5,PC,,RGB,Mid Tower,Y,Y,Y,,,,Y,,2,2,311.0,368,165,,Y,,,1,NZXT Aer P 120mm (Black),,1.0,NZXT Aer P 140mm (Black),,2.0,NZXT Aer P 140mm (White),,,0.0,68,102,Exclude,Prefabs/Cases/NZXT/CAS_NZXT_H510_Elite,NZXT H510 Elite (Black),NZXT H510 Elite (Black)
Case,NZXT,H510i (Black + Red),,Y,110,37,20,50,1.5,PC,,RGB,Mid Tower,Y,Y,Y,,,,Y,,2,2,311.0,368,165,,Y,,,2,NZXT Aer P 120mm (Black),,,,,,,,,0.0,34,76,Exclude,Prefabs/Cases/NZXT/CAS_NZXT_H510i,NZXT H510i (Black + Red),NZXT H510i (Black + Red)
Case,NZXT,H510i (Black + White),,Y,110,37,20,50,1.5,PC,,RGB,Mid Tower,Y,Y,Y,,,,Y,,2,2,311.0,368,165,,Y,,,2,NZXT Aer P 120mm (Black),,,,,,,,,0.0,34,76,Exclude,Prefabs/Cases/NZXT/CAS_NZXT_H510i_White,NZXT H510i (Black + White),NZXT H510i (Black + White)
Case,NZXT,H510i (Black),,Y,110,37,20,50,1.5,PC,,RGB,Mid Tower,Y,Y,Y,,,,Y,,2,2,311.0,368,165,,Y,,,2,NZXT Aer P 120mm (Black),,,,,,,,,0.0,34,76,,Prefabs/Cases/NZXT/CAS_NZXT_H510i_Black,NZXT H510i (Black),NZXT H510i (Black)
Case,NZXT,H700i - Bush Flight Simulator,,Y,300,100,27,90,1.2,,Y,RGB,Mid Tower,Y,Y,Y,Y,,,Y,,2,2,,413,185,,Y,0,,1,NZXT Aer P 140mm (Black),,3.0,NZXT Aer P 120mm (Black),,,,,,0.0,68,232,Exclude,Prefabs/Cases/NZXT/CAS_NZXT_H700_DeadstickEdition,NZXT H700i - Bush Flight Simulator,NZXT H700i - Bush Flight Simulator
Case,NZXT,H700i - Extinction Wars,,Y,300,100,27,90,1.0,,Y,,Mid Tower,Y,Y,Y,Y,,,Y,,2,2,,413,185,,Y,e2d9600e8fa34c418a98942e176118c0,,1,NZXT Aer P 140mm (Black),,3.0,NZXT Aer P 120mm (Black),,,,,,0.0,68,232,Exclude,Prefabs/Cases/NZXT/NZXT_H700I_CollectorsEdition,NZXT H700i - Extinction Wars,NZXT H700i - Extinction Wars
Case,NZXT,H700i - Galaxy Edition,,Y,200,67,27,90,1.0,PC_GOG,Y,RGB,Mid Tower,Y,Y,Y,Y,,,Y,,2,2,,413,185,,Y,0,,1,NZXT Aer P 140mm (Black),,3.0,NZXT Aer P 120mm (Black),,,,,,0.0,68,132,Exclude,Prefabs/Cases/NZXT/CAS_NZXT_H700_GOG,NZXT H700i - Galaxy Edition,NZXT H700i - Galaxy Edition
Case,NZXT,H700i - Good Company,,Y,300,100,27,90,1.2,,Y,RGB,Mid Tower,Y,Y,Y,Y,,,Y,,2,2,,413,185,,Y,0,,1,NZXT Aer P 140mm (Black),,3.0,NZXT Aer P 120mm (Black),,,,,,0.0,68,232,Exclude,Prefabs/Cases/NZXT/CAS_NZXT_H700_GoodCompanyEdition,NZXT H700i - Good Company,NZXT H700i - Good Company
Case,NZXT,H700i - Organ Collector,,Y,300,100,27,90,1.2,,Y,RGB,Mid Tower,Y,Y,Y,Y,,,Y,,2,2,,413,185,,Y,e2d9600e8fa34c418a98942e176118c0,,1,NZXT Aer P 140mm (Black),,3.0,NZXT Aer P 120mm (Black),,,,,,0.0,68,232,Exclude,Prefabs/Cases/NZXT/NZXT_H700I_CollectorsEdition_Organ_Collector,NZXT H700i - Organ Collector,NZXT H700i - Organ Collector
Case,NZXT,H700i (Black + Blue),,Y,200,67,27,80,1.0,,,RGB,Mid Tower,Y,Y,Y,Y,,,Y,,3,2,,413,185,,Y,,,1,NZXT Aer P 140mm (Black),,3.0,NZXT Aer P 120mm (Black),,,,,,0.0,68,132,Exclude,Prefabs/Cases/NZXT/NZXT_H700I_Blue,NZXT H700i (Black + Blue),NZXT H700i (Black + Blue)
Case,NZXT,H700i (Black + Red),,Y,200,67,27,60,1.0,,,RGB,Mid Tower,Y,Y,Y,Y,,,Y,,3,2,,413,185,,Y,,,1,NZXT Aer P 140mm (Black),,3.0,NZXT Aer P 120mm (Black),,,,,,0.0,68,132,Exclude,Prefabs/Cases/NZXT/NZXT_H700I_Red,NZXT H700i (Black + Red),NZXT H700i (Black + Red)
Case,NZXT,H700i (Black),,Y,200,67,27,1,1.0,,,RGB,Mid Tower,Y,Y,Y,Y,,,Y,,3,2,,413,185,,Y,,,1,NZXT Aer P 140mm (Black),,3.0,NZXT Aer P 120mm (Black),,,,,,0.0,68,132,Exclude,Prefabs/Cases/NZXT/NZXT_H700I,NZXT H700i (Black),NZXT H700i (Black)
Case,NZXT,H700i (White),,Y,200,67,27,30,1.0,,,RGB,Mid Tower,Y,Y,Y,Y,,,Y,,3,2,,413,185,,Y,,,1,NZXT Aer P 140mm (Black),,3.0,NZXT Aer P 120mm (Black),,,,,,0.0,68,132,Exclude,Prefabs/Cases/NZXT/NZXT_H700I_White,NZXT H700i (White),NZXT H700i (White)
Case,NZXT,H710i (Black + Red),,Y,235,78,20,75,1.5,PC,,RGB,Mid Tower,Y,Y,Y,Y,,,Y,,3,2,,413,185,,Y,,,1,NZXT Aer P 140mm (Black),,3.0,NZXT Aer P 120mm (Black),,,,,,0.0,68,167,Exclude,Prefabs/Cases/NZXT/CAS_NZXT_H710i,NZXT H710i (Black + Red),NZXT H710i (Black + Red)
Case,NZXT,H710i (Black),,Y,235,78,20,75,1.5,PC,,RGB,Mid Tower,Y,Y,Y,Y,,,Y,,3,2,,413,185,,Y,,,1,NZXT Aer P 140mm (Black),,3.0,NZXT Aer P 120mm (Black),,,,,,0.0,68,167,,Prefabs/Cases/NZXT/CAS_NZXT_H710i_Black,NZXT H710i (Black),NZXT H710i (Black)
Case,NZXT,H710i (White),,Y,235,78,20,75,1.5,PC,,RGB,Mid Tower,Y,Y,Y,Y,,,Y,,3,2,,413,185,,Y,,,1,NZXT Aer P 140mm (Black),,3.0,NZXT Aer P 120mm (Black),,,,,,0.0,68,167,Exclude,Prefabs/Cases/NZXT/CAS_NZXT_H710i_White,NZXT H710i (White),NZXT H710i (White)
Case,NZXT,S340 - Designed by Razer,,Y,200,67,6,60,1.0,,,Green,Mid Tower,Y,Y,Y,,,,Y,,2,2,180.0,364,161,,Y,,,2,Mortoni Heat Away 120,,,,,,,,334.0,0.0,14,186,Exclude,Prefabs/Cases/NZXT/S340_Razer_Case,NZXT S340 - Designed by Razer,NZXT S340 - Designed by Razer
Case,NZXT,S340 (Black + Blue),,Y,80,27,5,20,1.0,,,,Mid Tower,Y,Y,Y,,,,Y,,2,2,180.0,364,161,,Y,,,2,Mortoni Heat Away 120,,,,,,,,334.0,0.0,14,66,Exclude,Prefabs/Cases/NZXT/s340_Blue,NZXT S340 (Black + Blue),NZXT S340 (Black + Blue)
Case,NZXT,S340 (Black + Red),,Y,80,27,5,40,1.0,,,,Mid Tower,Y,Y,Y,,,,Y,,2,2,180.0,364,161,,Y,,,2,Mortoni Heat Away 120,,,,,,,,334.0,0.0,14,66,Exclude,Prefabs/Cases/NZXT/s340,NZXT S340 (Black + Red),NZXT S340 (Black + Red)
Case,NZXT,S340 (Black),,Y,80,27,5,1,1.0,,,,Mid Tower,Y,Y,Y,,,,Y,,2,2,180.0,364,161,,Y,,,2,Mortoni Heat Away 120,,,,,,,,334.0,0.0,14,66,,Prefabs/Cases/NZXT/s340_Black,NZXT S340 (Black),NZXT S340 (Black)
Case,NZXT,S340 (White + Purple),,Y,80,27,6,30,1.0,,,,Mid Tower,Y,Y,Y,,,,Y,,2,2,180.0,364,161,,Y,,,2,Mortoni Heat Away 120,,,,,,,,334.0,0.0,14,66,Exclude,Prefabs/Cases/NZXT/s340_White_Purple,NZXT S340 (White + Purple),NZXT S340 (White + Purple)
Case,NZXT,S340 (White),,Y,80,27,5,1,1.0,,,,Mid Tower,Y,Y,Y,,,,Y,,2,2,180.0,364,161,,Y,,,2,Mortoni Heat Away 120,,,,,,,,334.0,0.0,14,66,Exclude,Prefabs/Cases/NZXT/s340_White,NZXT S340 (White),NZXT S340 (White)
Case,NZXT,S340 Elite (Black + Blue),,Y,100,33,7,40,1.0,,,,Mid Tower,Y,Y,Y,,,,Y,,2,2,180.0,364,161,,Y,,,2,Mortoni Heat Away 120,,,,,,,,334.0,0.0,14,86,Exclude,Prefabs/Cases/NZXT/s340_Elite_Blue,NZXT S340 Elite (Black + Blue),NZXT S340 Elite (Black + Blue)
Case,NZXT,S340 Elite (Black + Red),,Y,100,33,7,20,1.0,,,,Mid Tower,Y,Y,Y,,,,Y,,2,2,180.0,364,161,,Y,,,2,Mortoni Heat Away 120,,,,,,,,334.0,0.0,14,86,Exclude,Prefabs/Cases/NZXT/s340_Elite_Red,NZXT S340 Elite (Black + Red),NZXT S340 Elite (Black + Red)
Case,NZXT,S340 Elite (Black),,Y,100,33,7,1,1.0,,,,Mid Tower,Y,Y,Y,,,,Y,,2,2,180.0,364,161,,Y,,,2,Mortoni Heat Away 120,,,,,,,,334.0,0.0,14,86,,Prefabs/Cases/NZXT/s340_Elite,NZXT S340 Elite (Black),NZXT S340 Elite (Black)
Case,NZXT,S340 Elite (White),,Y,100,33,7,60,1.0,,,,Mid Tower,Y,Y,Y,,,,Y,,2,2,180.0,364,161,,Y,,,2,Mortoni Heat Away 120,,,,,,,,334.0,0.0,14,86,Exclude,Prefabs/Cases/NZXT/s340_Elite_White,NZXT S340 Elite (White),NZXT S340 Elite (White)
Case,NZXT,S340 Elite Hyper Beast,,Y,200,67,7,80,1.0,,,Blue,Mid Tower,Y,Y,Y,,,,Y,,2,2,180.0,364,161,,Y,,,2,Mortoni Heat Away 120,,,,,,,,334.0,0.0,14,186,Exclude,Prefabs/Cases/NZXT/NZXT_S340_HyperBeast_Elite,NZXT S340 Elite Hyper Beast,NZXT S340 Elite Hyper Beast
Case,Open Benchtable,OBT-BC1 (Black),,Y,199,66,9,1,1.6,PC,,,Open Frame,Y,Y,Y,Y,Y,Y,Y,,3,2,300.0,500,200,Y,,,Y,0,,,,,,,,,,0.7,0,199,Exclude,Prefabs/Cases/OpenBench/OpenBench_Base_Black,Open Benchtable OBT-BC1 (Black),Open Benchtable OBT-BC1 (Black)
Case,Open Benchtable,OBT-BC1 (Red),,Y,199,66,9,1,1.6,PC,,,Open Frame,Y,Y,Y,Y,Y,Y,Y,,3,2,300.0,500,200,Y,,,Y,0,,,,,,,,,,0.7,0,199,Exclude,Prefabs/Cases/OpenBench/OpenBench_Base_Red,Open Benchtable OBT-BC1 (Red),Open Benchtable OBT-BC1 (Red)
Case,Open Benchtable,OBT-BC1 (Silver),,Y,189,63,9,1,1.6,PC,,,Open Frame,Y,Y,Y,Y,Y,Y,Y,,3,2,300.0,500,200,Y,,,Y,0,,,,,,,,,,0.7,0,189,Exclude,Prefabs/Cases/OpenBench/OpenBench_Base,Open Benchtable OBT-BC1 (Silver),Open Benchtable OBT-BC1 (Silver)
Case,Raijintek,Asterion Plus,,Y,140,47,1,1,1.0,,,,Mid Tower,Y,Y,Y,Y,,,Y,,3,2,250.0,340,180,,Y,,,3,Mortoni Heat Away 120,,,,,,,,,0.0,21,119,,Prefabs/Cases/Raijintek/Raijintek_Asterion_Plus,Raijintek Asterion Plus,Raijintek Asterion Plus
Case,Raijintek,COEUS ELITE TC,,Y,180,60,30,20,1.0,,,,Micro,Y,Y,,,,,Y,,2,2,200.0,350,175,,Y,,,3,Raijintek IRIS 12,,,,,,,,,0.0,60,120,Exclude,Prefabs/Cases/Raijintek/Raijintek_CoeusElite,Raijintek COEUS ELITE TC,Raijintek COEUS ELITE TC
Case,Raijintek,COEUS EVO TC,,Y,200,67,30,20,1.0,,,,Mid Tower,Y,Y,Y,Y,,,Y,,3,2,200.0,350,175,,Y,,,4,Raijintek IRIS 12,,,,,,,,,0.0,80,120,Exclude,Prefabs/Cases/Raijintek/Raijintek_Coeus_EVO,Raijintek COEUS EVO TC,Raijintek COEUS EVO TC
Case,Raijintek,ENYO,,Y,500,167,30,20,1.2,PC,,,Super Tower,Y,Y,Y,Y,,,Y,,4,3,280.0,615,188,,Y,,,0,,,,,,,,,,0.5,0,500,Exclude,Prefabs/Cases/Raijintek/CAS_Raijintek_ENYO,Raijintek ENYO,Raijintek ENYO
Case,Raijintek,ERIS EVO,,Y,400,133,30,1,1.10,PC,,,Full Tower,Y,Y,Y,Y,Y,Y,Y,,3,3,300.0,512,170,Y,Y,,,0,,,,,,,,,,0.0,0,400,Exclude,v1_10_0/Prefabs/Cases/Raijintek/CAS_Raijintek_ERIS_EVO,Raijintek ERIS EVO,Raijintek ERIS EVO
Case,Raijintek,METIS (Black),,Y,80,27,18,1,1.0,,,,Micro,Y,,,,,,Y,,1,0,160.0,170,160,,,,,1,Mortoni Heat Away 120,,,,,,,,,0.0,7,73,,Prefabs/Cases/Raijintek/Raijintek_Metis_Black,Raijintek METIS (Black),Raijintek METIS (Black)
Case,Raijintek,METIS (Blue),,Y,80,27,18,30,1.0,,,,Micro,Y,,,,,,Y,,1,0,160.0,170,160,,,,,1,Mortoni Heat Away 120,,,,,,,,,0.0,7,73,Exclude,Prefabs/Cases/Raijintek/Raijintek_Metis_Blue,Raijintek METIS (Blue),Raijintek METIS (Blue)
Case,Raijintek,METIS (Gold),,Y,80,27,18,60,1.0,,,,Micro,Y,,,,,,Y,,1,0,160.0,170,160,,,,,1,Mortoni Heat Away 120,,,,,,,,,0.0,7,73,Exclude,Prefabs/Cases/Raijintek/Raijintek_Metis_Yellow,Raijintek METIS (Gold),Raijintek METIS (Gold)
Case,Raijintek,METIS (Green),,Y,80,27,18,30,1.0,,,,Micro,Y,,,,,,Y,,1,0,160.0,170,160,,,,,1,Mortoni Heat Away 120,,,,,,,,,0.0,7,73,Exclude,Prefabs/Cases/Raijintek/Raijintek_Metis_Green,Raijintek METIS (Green),Raijintek METIS (Green)
Case,Raijintek,METIS (Red),,Y,80,27,18,30,1.0,,,,Micro,Y,,,,,,Y,,1,0,160.0,170,160,,,,,1,Mortoni Heat Away 120,,,,,,,,,0.0,7,73,Exclude,Prefabs/Cases/Raijintek/Raijintek_Metis_Red,Raijintek METIS (Red),Raijintek METIS (Red)
Case,Raijintek,METIS (Silver),,Y,80,27,18,60,1.0,,,,Micro,Y,,,,,,Y,,1,0,160.0,170,160,,,,,1,Mortoni Heat Away 120,,,,,,,,,0.0,7,73,,Prefabs/Cases/Raijintek/Raijintek_Metis_Grey,Raijintek METIS (Silver),Raijintek METIS (Silver)
Case,Raijintek,METIS (White),,Y,80,27,18,1,1.0,,,,Micro,Y,,,,,,Y,,1,0,160.0,170,160,,,,,1,Mortoni Heat Away 120,,,,,,,,,0.0,7,73,,Prefabs/Cases/Raijintek/Raijintek_Metis_White,Raijintek METIS (White),Raijintek METIS (White)
Case,Raijintek,NYX PRO (Red),,Y,350,117,30,1,1.8,,,,Full Tower,Y,Y,Y,Y,Y,Y,Y,,3,2,300.0,420,83,Y,Y,,,0,,,,,,,,,,0.0,0,350,Exclude,v1_8_0/Prefabs/Cases/Raijintek/CAS_Raijintek_NYX_Pro_Red,Raijintek NYX PRO (Red),Raijintek NYX PRO (Red)
Case,Raijintek,NYX PRO (Titan),,Y,350,117,30,1,1.8,,,,Full Tower,Y,Y,Y,Y,Y,Y,Y,,3,2,300.0,420,83,Y,Y,,,0,,,,,,,,,,0.0,0,350,Exclude,v1_8_0/Prefabs/Cases/Raijintek/CAS_Raijintek_NYX_Pro_Titan,Raijintek NYX PRO (Titan),Raijintek NYX PRO (Titan)
Case,Raijintek,NYX PRO (White),,Y,350,117,30,1,1.8,,,,Full Tower,Y,Y,Y,Y,Y,Y,Y,,3,2,300.0,420,83,Y,Y,,,0,,,,,,,,,,0.0,0,350,Exclude,v1_8_0/Prefabs/Cases/Raijintek/CAS_Raijintek_NYX_Pro_White,Raijintek NYX PRO (White),Raijintek NYX PRO (White)
Case,Raijintek,NYX PRO (Yellow),,Y,350,117,30,1,1.8,,,,Full Tower,Y,Y,Y,Y,Y,Y,Y,,3,2,300.0,420,83,Y,Y,,,0,,,,,,,,,,0.0,0,350,Exclude,v1_8_0/Prefabs/Cases/Raijintek/CAS_Raijintek_NYX_Pro_Yellow,Raijintek NYX PRO (Yellow),Raijintek NYX PRO (Yellow)
Case,Raijintek,OPHION,,Y,180,60,28,80,1.2,,,,Cube,Y,,,,,,Y,,0,0,140.0,330,90,,,,,0,,,,,,,,,,0.0,0,180,Exclude,Prefabs/Cases/Raijintek/CAS_Raijintek_Ophion,Raijintek OPHION,Raijintek OPHION
Case,Raijintek,OPHION EVO,,Y,200,67,28,80,1.2,,,,Cube,Y,,,,,,Y,,2,0,140.0,330,90,,,,,0,,,,,,,,,,0.0,0,200,Exclude,Prefabs/Cases/Raijintek/CAS_Raijintek_OphionEvo,Raijintek OPHION EVO,Raijintek OPHION EVO
Case,Raijintek,PAEAN,,Y,250,83,14,1,1.0,,,,Open Frame,Y,Y,Y,,,,Y,,3,2,250.0,400,165,,Y,,,0,,,,,,,,,,0.5,0,250,Exclude,Prefabs/Cases/Raijintek/paean,Raijintek PAEAN,Raijintek PAEAN
Case,Raijintek,PAEAN M,,Y,130,43,28,20,1.0,,,,Open Frame,Y,Y,,,,,Y,,2,2,200.0,430,140,,Y,,,0,,,,,,,,,,0.5,0,130,Exclude,Prefabs/Cases/Raijintek/Raijintek_PAEAN_M,Raijintek PAEAN M,Raijintek PAEAN M
Case,Raijintek,SILENOS,,Y,125,42,18,1,1.7,,,,Full Tower,Y,Y,Y,,,,Y,,3,2,160.0,330,166,,Y,,,0,,,,,,,,,,0.0,0,125,Exclude,v1_7_0/Prefabs/Cases/Raijintek/CAS_Raijintek_SILENOS,Raijintek SILENOS,Raijintek SILENOS
Case,Raijintek,STYX (Black),,Y,105,35,30,1,1.0,,,,Micro,Y,Y,,,,,Y,,2,0,160.0,280,180,,Y,,,1,Mortoni Heat Away 120,,,,,,,,,0.0,7,98,,Prefabs/Cases/Raijintek/Raijintek_Styx_Black,Raijintek STYX (Black),Raijintek STYX (Black)
Case,Raijintek,STYX (Blue),,Y,105,35,30,30,1.0,,,,Micro,Y,Y,,,,,Y,,2,0,160.0,280,180,,Y,,,1,Mortoni Heat Away 120,,,,,,,,,0.0,7,98,Exclude,Prefabs/Cases/Raijintek/Raijintek_Styx_Blue,Raijintek STYX (Blue),Raijintek STYX (Blue)
Case,Raijintek,STYX (Gold),,Y,105,35,30,60,1.0,,,,Micro,Y,Y,,,,,Y,,2,0,160.0,280,180,,Y,,,1,Mortoni Heat Away 120,,,,,,,,,0.0,7,98,Exclude,Prefabs/Cases/Raijintek/Raijintek_Styx_Gold,Raijintek STYX (Gold),Raijintek STYX (Gold)
Case,Raijintek,STYX (Green),,Y,105,35,30,30,1.0,,,,Micro,Y,Y,,,,,Y,,2,0,160.0,280,180,,Y,,,1,Mortoni Heat Away 120,,,,,,,,,0.0,7,98,Exclude,Prefabs/Cases/Raijintek/Raijintek_Styx_Green,Raijintek STYX (Green),Raijintek STYX (Green)
Case,Raijintek,STYX (Red),,Y,105,35,30,30,1.0,,,,Micro,Y,Y,,,,,Y,,2,0,160.0,280,180,,Y,,,1,Mortoni Heat Away 120,,,,,,,,,0.0,7,98,Exclude,Prefabs/Cases/Raijintek/Raijintek_Styx_Red,Raijintek STYX (Red),Raijintek STYX (Red)
Case,Raijintek,STYX (Silver),,Y,105,35,30,60,1.0,,,,Micro,Y,Y,,,,,Y,,2,0,160.0,280,180,,Y,,,1,Mortoni Heat Away 120,,,,,,,,,0.0,7,98,Exclude,Prefabs/Cases/Raijintek/Raijintek_Styx_Silver,Raijintek STYX (Silver),Raijintek STYX (Silver)
Case,Raijintek,STYX (White),,Y,105,35,30,1,1.0,,,,Micro,Y,Y,,,,,Y,,2,0,160.0,280,180,,Y,,,1,Mortoni Heat Away 120,,,,,,,,,0.0,7,98,Exclude,Prefabs/Cases/Raijintek/Raijintek_Styx_White,Raijintek STYX (White),Raijintek STYX (White)
Case,Raijintek,Thetis,,Y,80,27,4,1,1.0,,,,Cube,Y,Y,Y,,,,Y,,2,0,160.0,280,170,,Y,,,1,Mortoni Heat Away 120,,,,,,,,,0.0,7,73,,Prefabs/Cases/Raijintek/Raijintek_Thetis,Raijintek Thetis,Raijintek Thetis
Case,Raijintek,ZOFOS EVO,,Y,180,60,29,20,1.0,,,,Full Tower,Y,Y,Y,Y,,,Y,,3,3,300.0,470,190,,Y,,,1,Raijintek IRIS 12,,2.0,Mortoni Heat Away 120,,,,,,0.0,34,146,Exclude,Prefabs/Cases/Raijintek/Raijintek_ZOFOS_EVO,Raijintek ZOFOS EVO,Raijintek ZOFOS EVO
Case,SilverStone,CS381,,Y,350,117,28,1,1.6,,,,Mid Tower,Y,Y,,,,,,Y,2,0,250.0,267,60,,Y,,,2,Mortoni Heat Away 120,SilverStone CS381 Fan Grille,,,,,,,,0.0,14,336,,v1_7_0/Prefabs/Cases/Silverstone/CAS_Silverstone_CS381,SilverStone CS381,SilverStone CS381
Case,SilverStone,FARA B1,,Y,60,20,28,50,1.8,PC,,,Mid Tower,Y,Y,Y,,,,Y,,2,2,160.0,322,165,Y,Y,,,1,Mortoni Heat Away 120,,,,,,,,,0.0,7,53,Exclude,v1_8_0/Prefabs/Cases/Silverstone/CAS_Silverstone_Fara_B1,SilverStone FARA B1,SilverStone FARA B1
Case,SilverStone,FT05 (Black),,Y,160,53,8,50,1.0,,,,Mid Tower,,Y,Y,,,,Y,,3,2,250.0,312,162,,Y,,,2,SilverStone AP182 (Black),,,,,,,,,0.0,80,80,,Prefabs/Cases/Silverstone/SilverStone_FT05_Black,SilverStone FT05 (Black),SilverStone FT05 (Black)
Case,SilverStone,FT05 (White),,Y,160,53,8,50,1.0,,,,Mid Tower,,Y,Y,,,,Y,,3,2,250.0,312,162,,Y,,,2,SilverStone AP182 (Black),,,,,,,,,0.0,80,80,,Prefabs/Cases/Silverstone/SilverStone_FT05,SilverStone FT05 (White),SilverStone FT05 (White)
Case,SilverStone,LD01,,Y,115,38,14,1,1.0,,,,Micro,Y,Y,,,,,Y,,2,2,220.0,370,168,,Y,,,0,,,,,,,,,,0.0,0,115,Exclude,Prefabs/Cases/Silverstone/Silverstone_LD01,SilverStone LD01,SilverStone LD01
Case,SilverStone,LD03,,Y,90,30,10,1,1.6,PC,,,Micro,Y,,,,,,,Y,1,0,130.0,309,190,Y,Y,,,0,,,,,,,,,,0.0,0,90,Exclude,Prefabs/Cases/Silverstone/CAS_Silverstone_LD03,SilverStone LD03,SilverStone LD03
Case,SilverStone,PM01-RGB (Black),,Y,160,53,12,65,1.0,,,RGB,Mid Tower,,Y,Y,,,,Y,,3,3,240.0,419,180,Y,Y,,,4,Mortoni Heat Away 140,,,,,,,,,0.0,28,132,Exclude,Prefabs/Cases/Silverstone/SilverStone_PM01_RGB_Black,SilverStone PM01-RGB (Black),SilverStone PM01-RGB (Black)
Case,SilverStone,PM01-RGB (White),,Y,160,53,12,65,1.0,,,RGB,Mid Tower,,Y,Y,,,,Y,,3,3,240.0,419,180,Y,Y,,,4,Mortoni Heat Away 140,,,,,,,,,0.0,28,132,Exclude,Prefabs/Cases/Silverstone/SilverStone_PM01_RGB_White,SilverStone PM01-RGB (White),SilverStone PM01-RGB (White)
Case,SilverStone,PS14 (Black + Window),,Y,40,13,1,1,1.0,,,,Mid Tower,,Y,Y,,,,Y,,2,2,220.0,401,165,,Y,,,1,Mortoni Heat Away 120,,,,,,,,,0.0,7,33,,Prefabs/Cases/Silverstone/Silverstone_PS14,SilverStone PS14 (Black + Window),SilverStone PS14 (Black + Window)
Case,SilverStone,PS14 (Black),,Y,40,13,1,1,1.0,,,,Mid Tower,,Y,Y,,,,Y,,2,2,220.0,401,165,,Y,,,1,Mortoni Heat Away 120,,,,,,,,,0.0,7,33,,Prefabs/Cases/Silverstone/Silverstone_PS14_Black,SilverStone PS14 (Black),SilverStone PS14 (Black)
Case,SilverStone,RL07 (Black),,Y,300,100,16,60,1.0,,,Red,Mid Tower,,Y,Y,,,,Y,,3,3,190.0,415,167,,Y,,,0,,,,,,,,,,0.0,0,300,Exclude,Prefabs/Cases/Silverstone/SilverStone_RL07,SilverStone RL07 (Black),SilverStone RL07 (Black)
Case,SilverStone,RL08 (Red),,Y,120,40,10,1,1.6,PC,,,Mid Tower,Y,Y,,,,,Y,,2,2,220.0,370,168,Y,Y,,,2,Mortoni Heat Away RGB 120,,,,,,,,,0.0,20,100,Exclude,Prefabs/Cases/Silverstone/CAS_Silverstone_RL08_Red,SilverStone RL08 (Red),SilverStone RL08 (Red)
Case,SilverStone,RL08 (White),,Y,120,40,10,1,1.6,PC,,,Mid Tower,Y,Y,,,,,Y,,2,2,220.0,370,168,Y,Y,,,2,Mortoni Heat Away RGB 120,,,,,,,,,0.0,20,100,Exclude,Prefabs/Cases/Silverstone/CAS_Silverstone_RL08_White,SilverStone RL08 (White),SilverStone RL08 (White)
Case,SilverStone,RVX01 (Blue),,Y,80,27,9,30,1.0,,,,Mid Tower,,Y,Y,,,,Y,,2,0,180.0,347,153,,Y,,,3,Mortoni Heat Away 120,,,,,,,,,0.0,21,59,Exclude,Prefabs/Cases/Silverstone/Silverstone_Raven_RVX01_Blue,SilverStone RVX01 (Blue),SilverStone RVX01 (Blue)
Case,SilverStone,RVX01 (Green),,Y,80,27,9,60,1.0,,,,Mid Tower,,Y,Y,,,,Y,,2,0,180.0,347,153,,Y,,,3,Mortoni Heat Away 120,,,,,,,,,0.0,21,59,Exclude,Prefabs/Cases/Silverstone/Silverstone_Raven_RVX01_Green,SilverStone RVX01 (Green),SilverStone RVX01 (Green)
Case,SilverStone,RVX01 (Red),,Y,80,27,9,1,1.0,,,,Mid Tower,,Y,Y,,,,Y,,2,0,180.0,347,153,,Y,,,3,Mortoni Heat Away 120,,,,,,,,,0.0,21,59,Exclude,Prefabs/Cases/Silverstone/Silverstone_Raven_RVX01,SilverStone RVX01 (Red),SilverStone RVX01 (Red)
Case,SilverStone,RVZ03 (Black),,Y,135,45,18,1,1.0,,,RGB,Micro,Y,,,,,,Y,,0,0,140.0,330,60,,,,,2,Mortoni Heat Away 120,,,,,,,,,0.0,14,121,Exclude,Prefabs/Cases/Silverstone/CAS_Silverstone_RVZ03_Black,SilverStone RVZ03 (Black),SilverStone RVZ03 (Black)
Case,SilverStone,RVZ03 (White),,Y,135,45,18,1,1.0,,,RGB,Micro,Y,,,,,,Y,,0,0,140.0,330,60,,,,,2,Mortoni Heat Away 120,,,,,,,,,0.0,14,121,Exclude,Prefabs/Cases/Silverstone/CAS_Silverstone_RVZ03_White,SilverStone RVZ03 (White),SilverStone RVZ03 (White)
Case,Thermaltake,Core P5,,Y,200,67,26,32,1.0,,,,Mid Tower,Y,Y,Y,,,,Y,,4,3,200.0,300,180,,Y,,,0,,,,,,,,,,0.0,0,200,Exclude,Prefabs/Cases/Thermaltake/ThermalTake_Core_P5,Thermaltake Core P5,Thermaltake Core P5
Case,Thermaltake,Core P5 Green Edition,,Y,200,67,26,32,1.0,,,,Mid Tower,Y,Y,Y,,,,Y,,4,3,200.0,300,180,,Y,,,0,,,,,,,,,,0.0,0,200,Exclude,Prefabs/Cases/Thermaltake/ThermalTake_Core_P5_Green,Thermaltake Core P5 Green Edition,Thermaltake Core P5 Green Edition
Case,Thermaltake,View 37 RGB,,Y,150,50,24,1,1.0,,,RGB,Mid Tower,Y,Y,Y,Y,,,Y,,3,3,220.0,410,180,,Y,,,3,Thermaltake Riing Plus 14 LED RGB,,,,,,,,,0.0,75,75,Exclude,Prefabs/Cases/Thermaltake/Thermaltake_View37RGB,Thermaltake View 37 RGB,Thermaltake View 37 RGB
Case,Thermaltake,View 91 RGB,,Y,450,150,30,10,1.0,,,RGB,Super Tower,Y,Y,Y,Y,Y,,Y,,4,4,220.0,470,200,,Y,,,4,Thermaltake Riing Plus 14 LED RGB,,,,,,,,,0.0,100,350,Exclude,Prefabs/Cases/Thermaltake/Thermaltake_View91,Thermaltake View 91 RGB,Thermaltake View 91 RGB
